q01 d16: 0.1302,d259: 0.0754,d85: 0.0751,d254: 0.0732,d209: 0.0510,d186: 0.0477,d153: 0.0388,d170: 0.0357,d08: 0.0337,d215: 0.0331,d185: 0.0314,d163: 0.0311,d154: 0.0275,d315: 0.0256,d296: 0.0233,d89: 0.0233,d82: 0.0227,d04: 0.0212,d60: 0.0210,d06: 0.0198,d99: 0.0194,d255: 0.0193,d243: 0.0182,d162: 0.0179,d100: 0.0167,d94: 0.0162,d145: 0.0156,d39: 0.0155,d59: 0.0152,d179: 0.0149,d311: 0.0140,d312: 0.0138,d65: 0.0117,d329: 0.0113,d299: 0.0113,d172: 0.0110,d130: 0.0109,d281: 0.0108,d28: 0.0108,d273: 0.0107,d317: 0.0105,d74: 0.0100,d229: 0.0095,d152: 0.0094,d284: 0.0093,d77: 0.0091,d265: 0.0090,d164: 0.0090,d195: 0.0088,d212: 0.0085,d21: 0.0084,d32: 0.0083,d275: 0.0082,d52: 0.0081,d316: 0.0081,d136: 0.0075,d24: 0.0073,d38: 0.0072,d234: 0.0070,d116: 0.0069,d123: 0.0069,d184: 0.0066
q02 d147: 0.1426,d283: 0.0883,d149: 0.0663,d291: 0.0568,d134: 0.0478,d293: 0.0475,d23: 0.0374,d136: 0.0373,d02: 0.0360,d37: 0.0291,d139: 0.0273,d143: 0.0261,d14: 0.0247,d187: 0.0245,d282: 0.0236,d52: 0.0223,d316: 0.0221,d318: 0.0210,d150: 0.0210,d294: 0.0189,d103: 0.0189,d39: 0.0188,d107: 0.0174,d51: 0.0170,d128: 0.0169,d222: 0.0167,d296: 0.0167,d166: 0.0159,d268: 0.0154,d306: 0.0143,d254: 0.0133,d137: 0.0131,d145: 0.0130,d90: 0.0128,d124: 0.0126,d287: 0.0124,d252: 0.0122,d164: 0.0119,d106: 0.0117,d119: 0.0116,d250: 0.0116,d211: 0.0115,d117: 0.0113,d131: 0.0111,d185: 0.0104,d320: 0.0104,d142: 0.0104,d108: 0.0100,d58: 0.0099,d17: 0.0095,d290: 0.0094,d248: 0.0089,d160: 0.0088,d172: 0.0085,d46: 0.0085,d31: 0.0084,d234: 0.0082,d20: 0.0080,d197: 0.0077,d121: 0.0076,d47: 0.0076,d246: 0.0075,d227: 0.0074,d130: 0.0073,d173: 0.0073,d237: 0.0070,d07: 0.0070,d18: 0.0068,d300: 0.0064,d44: 0.0063,d158: 0.0062,d305: 0.0062,d221: 0.0061,d83: 0.0059,d245: 0.0058,d202: 0.0057,d68: 0.0056,d229: 0.0056,d238: 0.0055,d116: 0.0054,d151: 0.0054,d215: 0.0054,d179: 0.0053,d243: 0.0053,d228: 0.0053,d144: 0.0053,d22: 0.0052,d264: 0.0052,d251: 0.0051,d180: 0.0051,d29: 0.0050,d263: 0.0050,d64: 0.0049,d21: 0.0049,d98: 0.0047,d307: 0.0047,d210: 0.0045,d54: 0.0045,d82: 0.0045,d319: 0.0044,d153: 0.0044,d239: 0.0044,d260: 0.0043,d42: 0.0042,d327: 0.0042,d19: 0.0041,d122: 0.0040,d204: 0.0040,d62: 0.0039,d154: 0.0039,d140: 0.0039,d206: 0.0038,d255: 0.0037,d269: 0.0036,d224: 0.0035,d63: 0.0034,d308: 0.0034,d212: 0.0034,d05: 0.0033,d323: 0.0033,d298: 0.0033,d242: 0.0033,d225: 0.0033,d129: 0.0032,d10: 0.0031,d105: 0.0030,d200: 0.0030,d218: 0.0030,d77: 0.0030,d118: 0.0029,d55: 0.0029,d186: 0.0029,d257: 0.0028,d133: 0.0027,d262: 0.0026,d219: 0.0026,d43: 0.0026,d236: 0.0026,d324: 0.0026,d40: 0.0025,d102: 0.0025,d232: 0.0024,d50: 0.0024,d70: 0.0023,d141: 0.0023,d230: 0.0023,d198: 0.0022,d163: 0.0022,d313: 0.0021,d281: 0.0021,d67: 0.0020,d273: 0.0020,d271: 0.0020,d317: 0.0020,d01: 0.0020,d190: 0.0019,d279: 0.0019,d266: 0.0019,d196: 0.0018,d309: 0.0018,d61: 0.0018,d226: 0.0018,d297: 0.0018,d284: 0.0018,d101: 0.0018,d277: 0.0017,d233: 0.0017,d04: 0.0017,d45: 0.0017,d322: 0.0017,d126: 0.0017,d330: 0.0016,d285: 0.0016,d302: 0.0016,d188: 0.0016,d191: 0.0016,d278: 0.0016,d161: 0.0016,d152: 0.0015,d205: 0.0015,d85: 0.0015,d286: 0.0015,d79: 0.0015,d216: 0.0015,d162: 0.0015,d314: 0.0014,d214: 0.0014,d24: 0.0014,d249: 0.0014,d194: 0.0013,d328: 0.0013,d304: 0.0013,d244: 0.0013,d80: 0.0012,d203: 0.0012,d184: 0.0011,d03: 0.0010
q03 d283: 0.0666,d291: 0.0488,d147: 0.0323,d152: 0.0318,d105: 0.0315,d318: 0.0224
q04 d19: 0.1722,d270: 0.1471,d49: 0.1213,d310: 0.0806,d275: 0.0799,d10: 0.0768,d289: 0.0491,d286: 0.0379,d330: 0.0287,d130: 0.0248,d100: 0.0245,d60: 0.0194,d13: 0.0178,d184: 0.0177,d46: 0.0175,d205: 0.0172,d199: 0.0163,d91: 0.0162,d93: 0.0154,d196: 0.0150,d110: 0.0149,d252: 0.0149,d314: 0.0146,d306: 0.0131,d213: 0.0131,d111: 0.0129,d296: 0.0107,d300: 0.0105,d121: 0.0104,d81: 0.0103,d208: 0.0098,d312: 0.0096,d298: 0.0090,d142: 0.0087,d251: 0.0086,d18: 0.0085,d82: 0.0084,d308: 0.0083,d113: 0.0080,d75: 0.0078,d133: 0.0072,d271: 0.0071,d246: 0.0070,d262: 0.0069,d122: 0.0068,d292: 0.0068,d301: 0.0066,d303: 0.0066,d327: 0.0065,d307: 0.0065,d71: 0.0064,d117: 0.0064,d268: 0.0064,d30: 0.0064,d05: 0.0063,d01: 0.0061,d114: 0.0061,d48: 0.0060,d180: 0.0059,d221: 0.0059,d09: 0.0058,d41: 0.0058,d216: 0.0057,d61: 0.0057,d89: 0.0057,d227: 0.0056,d124: 0.0055,d290: 0.0054,d193: 0.0054,d160: 0.0053,d230: 0.0053,d198: 0.0052,d43: 0.0050,d163: 0.0050,d108: 0.0050,d145: 0.0049,d264: 0.0049,d238: 0.0049,d20: 0.0048,d50: 0.0046,d87: 0.0045,d164: 0.0045,d276: 0.0044,d62: 0.0044,d279: 0.0044,d119: 0.0044,d261: 0.0044,d263: 0.0043,d88: 0.0043,d248: 0.0042,d215: 0.0042,d194: 0.0042,d219: 0.0041,d22: 0.0039,d29: 0.0039,d40: 0.0038,d250: 0.0038,d212: 0.0038,d24: 0.0038,d104: 0.0038,d14: 0.0036,d255: 0.0036,d123: 0.0036,d226: 0.0035,d131: 0.0035,d319: 0.0034,d269: 0.0034,d210: 0.0034,d259: 0.0034,d192: 0.0033,d253: 0.0032,d294: 0.0032,d73: 0.0032,d129: 0.0031,d23: 0.0030,d266: 0.0029,d200: 0.0029,d197: 0.0029,d125: 0.0029,d102: 0.0029,d162: 0.0028,d55: 0.0028,d186: 0.0028,d280: 0.0027,d265: 0.0027,d63: 0.0027,d106: 0.0027,d42: 0.0026,d126: 0.0026,d241: 0.0026,d234: 0.0026,d06: 0.0025,d21: 0.0025,d209: 0.0024,d136: 0.0024,d175: 0.0022,d214: 0.0022,d274: 0.0022,d181: 0.0022,d202: 0.0022,d189: 0.0021,d257: 0.0021,d52: 0.0021,d112: 0.0020,d220: 0.0020,d304: 0.0020,d157: 0.0020,d39: 0.0020,d244: 0.0019,d12: 0.0019,d47: 0.0019,d59: 0.0019,d235: 0.0019,d120: 0.0019,d302: 0.0019,d58: 0.0019,d143: 0.0019,d191: 0.0019,d242: 0.0019,d232: 0.0018,d291: 0.0018,d217: 0.0018,d92: 0.0018,d70: 0.0018,d237: 0.0018,d54: 0.0017,d249: 0.0016,d31: 0.0016,d207: 0.0014,d37: 0.0014,d206: 0.0014,d229: 0.0014,d284: 0.0014,d144: 0.0013,d225: 0.0013,d27: 0.0013,d95: 0.0012,d32: 0.0012,d147: 0.0012,d44: 0.0012,d79: 0.0011,d151: 0.0010,d174: 0.0009,d08: 0.0009,d07: 0.0009,d86: 0.0009,d98: 0.0009,d295: 0.0008,d28: 0.0008,d156: 0.0008,d287: 0.0008,d146: 0.0008,d65: 0.0007,d56: 0.0007,d69: 0.0007,d211: 0.0007,d331: 0.0007,d99: 0.0007,d76: 0.0007,d247: 0.0007,d166: 0.0007,d51: 0.0006,d278: 0.0006,d254: 0.0006,d283: 0.0006,d115: 0.0006,d36: 0.0006,d169: 0.0006,d85: 0.0006,d183: 0.0006,d195: 0.0006,d118: 0.0005,d231: 0.0005,d38: 0.0005,d15: 0.0005,d256: 0.0005,d179: 0.0005,d316: 0.0005,d168: 0.0005,d324: 0.0005,d80: 0.0005,d203: 0.0004,d258: 0.0004,d293: 0.0004,d260: 0.0004,d03: 0.0004,d177: 0.0003
q05 d297: 0.5566,d329: 0.4611,d26: 0.2714,d29: 0.1508,d25: 0.1160,d233: 0.0969,d257: 0.0877,d69: 0.0345,d23: 0.0326,d166: 0.0294,d154: 0.0244,d04: 0.0241,d211: 0.0240,d12: 0.0234,d302: 0.0227,d77: 0.0208,d21: 0.0204,d186: 0.0201,d139: 0.0177,d60: 0.0158,d215: 0.0153,d303: 0.0148,d265: 0.0146,d208: 0.0143,d225: 0.0140,d134: 0.0128,d245: 0.0124,d231: 0.0120,d220: 0.0112,d236: 0.0110,d70: 0.0098,d237: 0.0098,d110: 0.0097,d319: 0.0095,d270: 0.0093,d163: 0.0092,d192: 0.0090,d209: 0.0088,d128: 0.0088,d81: 0.0087,d104: 0.0083,d03: 0.0083,d202: 0.0080,d61: 0.0078,d170: 0.0078,d34: 0.0075,d247: 0.0074,d18: 0.0072,d46: 0.0071,d212: 0.0070,d129: 0.0069,d205: 0.0065,d44: 0.0065,d305: 0.0064,d41: 0.0063,d79: 0.0063,d87: 0.0062,d193: 0.0059,d234: 0.0057,d52: 0.0056,d116: 0.0056,d199: 0.0056,d262: 0.0055,d39: 0.0054,d33: 0.0053,d251: 0.0053,d294: 0.0051,d98: 0.0049
q06 d146: 0.1244,d289: 0.1110,d04: 0.0861,d123: 0.0577,d34: 0.0549,d42: 0.0527,d266: 0.0519,d98: 0.0441,d234: 0.0367,d113: 0.0349,d165: 0.0343,d117: 0.0304,d284: 0.0294,d153: 0.0291,d151: 0.0288,d155: 0.0286,d247: 0.0265,d282: 0.0262,d287: 0.0256,d78: 0.0255,d44: 0.0252,d62: 0.0242,d211: 0.0238,d262: 0.0233,d140: 0.0207,d149: 0.0190,d33: 0.0190,d253: 0.0184,d11: 0.0176,d139: 0.0160,d57: 0.0154,d83: 0.0147,d74: 0.0145,d255: 0.0140,d240: 0.0136,d293: 0.0121,d88: 0.0121,d137: 0.0121,d115: 0.0120,d163: 0.0119,d301: 0.0117,d305: 0.0114,d252: 0.0112,d31: 0.0112,d150: 0.0111,d87: 0.0111,d271: 0.0107,d60: 0.0102,d71: 0.0101,d157: 0.0096,d158: 0.0093,d143: 0.0092,d129: 0.0089,d323: 0.0088,d200: 0.0083,d84: 0.0074,d179: 0.0072,d263: 0.0067
q07 d292: 0.1707,d180: 0.1675,d251: 0.1626,d110: 0.1306,d106: 0.1183,d117: 0.1093,d108: 0.0951,d05: 0.0808,d235: 0.0769,d144: 0.0632,d107: 0.0604,d246: 0.0602,d269: 0.0520,d304: 0.0476,d271: 0.0417,d121: 0.0352,d205: 0.0332,d115: 0.0324,d28: 0.0298,d30: 0.0293,d125: 0.0274,d75: 0.0254,d89: 0.0252,d211: 0.0246,d91: 0.0231,d70: 0.0229,d208: 0.0223,d294: 0.0210,d130: 0.0205,d312: 0.0195,d83: 0.0169,d19: 0.0151,d198: 0.0146,d104: 0.0144,d224: 0.0133,d138: 0.0130,d189: 0.0104,d59: 0.0098,d43: 0.0098,d62: 0.0096,d327: 0.0083,d221: 0.0082,d142: 0.0082,d192: 0.0081,d215: 0.0074,d266: 0.0071,d226: 0.0070,d196: 0.0069,d151: 0.0069,d232: 0.0067,d282: 0.0064,d113: 0.0062,d290: 0.0061,d08: 0.0060,d270: 0.0060,d44: 0.0059,d122: 0.0058,d155: 0.0056,d82: 0.0056,d81: 0.0055,d148: 0.0054,d37: 0.0049,d202: 0.0049,d99: 0.0049,d223: 0.0048,d95: 0.0047,d207: 0.0046,d93: 0.0046,d63: 0.0046,d45: 0.0045,d22: 0.0043,d288: 0.0043,d46: 0.0043,d126: 0.0042,d127: 0.0042,d278: 0.0041,d80: 0.0040,d264: 0.0040,d210: 0.0040,d197: 0.0039,d216: 0.0039,d281: 0.0038,d24: 0.0038,d09: 0.0037,d118: 0.0037,d213: 0.0037,d219: 0.0036,d40: 0.0036,d250: 0.0035,d133: 0.0035,d123: 0.0035,d236: 0.0034,d50: 0.0033,d325: 0.0032,d209: 0.0031,d201: 0.0031,d35: 0.0030,d255: 0.0029,d237: 0.0029,d170: 0.0029,d131: 0.0028,d240: 0.0028,d76: 0.0028,d13: 0.0027,d301: 0.0027,d01: 0.0026,d135: 0.0026,d274: 0.0026,d287: 0.0025,d78: 0.0025,d96: 0.0025,d286: 0.0025,d193: 0.0025,d129: 0.0024,d320: 0.0023,d85: 0.0023,d73: 0.0023,d79: 0.0022,d323: 0.0022,d15: 0.0022,d195: 0.0022,d308: 0.0022,d296: 0.0021,d305: 0.0021,d241: 0.0020,d87: 0.0020,d263: 0.0020,d200: 0.0019,d39: 0.0018,d164: 0.0018,d316: 0.0017,d38: 0.0017,d42: 0.0017,d182: 0.0017,d203: 0.0015,d190: 0.0014,d34: 0.0013,d74: 0.0011,d64: 0.0010,d26: 0.0010,d124: 0.0009,d103: 0.0009,d225: 0.0009,d261: 0.0007,d248: 0.0007,d206: 0.0007,d101: 0.0007,d306: 0.0007,d330: 0.0006,d51: 0.0006,d102: 0.0006,d120: 0.0006,d06: 0.0006,d119: 0.0006,d174: 0.0006,d109: 0.0006,d291: 0.0006,d244: 0.0006,d149: 0.0006,d314: 0.0006,d54: 0.0006,d253: 0.0005,d283: 0.0005,d228: 0.0005,d53: 0.0005,d147: 0.0005,d168: 0.0005,d69: 0.0005,d260: 0.0005,d284: 0.0005,d217: 0.0005,d265: 0.0004,d160: 0.0004,d194: 0.0004,d111: 0.0004,d319: 0.0004,d153: 0.0004,d88: 0.0004,d179: 0.0004,d212: 0.0004,d329: 0.0004,d165: 0.0004,d97: 0.0004,d222: 0.0004,d158: 0.0004,d307: 0.0004,d317: 0.0004,d77: 0.0004,d48: 0.0004,d55: 0.0004,d60: 0.0004,d309: 0.0004,d257: 0.0004,d17: 0.0003,d52: 0.0003,d220: 0.0003,d116: 0.0003,d199: 0.0003,d233: 0.0003,d262: 0.0003,d322: 0.0003,d47: 0.0003,d303: 0.0003,d136: 0.0003,d143: 0.0003,d191: 0.0003,d254: 0.0003,d275: 0.0003,d280: 0.0003,d07: 0.0003,d161: 0.0003,d152: 0.0003,d86: 0.0003,d98: 0.0003,d311: 0.0003,d218: 0.0003,d268: 0.0003,d114: 0.0003,d163: 0.0003,d313: 0.0003,d184: 0.0003,d67: 0.0003,d65: 0.0002,d279: 0.0002,d140: 0.0002,d267: 0.0002,d71: 0.0002,d227: 0.0002,d229: 0.0002,d49: 0.0002,d175: 0.0002,d298: 0.0002,d285: 0.0002,d318: 0.0002,d302: 0.0002,d21: 0.0002,d242: 0.0002,d137: 0.0002,d20: 0.0002,d100: 0.0002,d289: 0.0002,d276: 0.0002,d94: 0.0002,d231: 0.0002,d66: 0.0002,d68: 0.0002,d328: 0.0002,d145: 0.0002,d29: 0.0002,d33: 0.0002,d72: 0.0001,d02: 0.0001,d230: 0.0001,d293: 0.0001,d295: 0.0001,d239: 0.0001,d172: 0.0001,d300: 0.0001,d273: 0.0001,d272: 0.0001,d171: 0.0001,d03: 0.0001,d23: 0.0001,d176: 0.0001,d181: 0.0001,d61: 0.0001,d297: 0.0001,d321: 0.0001,d112: 0.0001,d247: 0.0001,d243: 0.0001,d166: 0.0001,d132: 0.0001,d12: 0.0001,d32: 0.0001,d169: 0.0001,d105: 0.0001,d252: 0.0001,d162: 0.0001,d183: 0.0001,d214: 0.0001,d84: 0.0001,d234: 0.0001,d157: 0.0001,d139: 0.0001,d258: 0.0001,d177: 0.0000
q08 d199: 0.2178,d198: 0.1718,d217: 0.0854,d223: 0.0780,d177: 0.0650,d220: 0.0486,d85: 0.0408,d330: 0.0346,d69: 0.0340,d205: 0.0329,d299: 0.0322,d52: 0.0317,d175: 0.0239,d169: 0.0231,d16: 0.0231,d65: 0.0229,d211: 0.0226,d86: 0.0207,d68: 0.0202,d312: 0.0202,d172: 0.0190,d273: 0.0184,d186: 0.0172,d116: 0.0157,d219: 0.0157,d233: 0.0156,d73: 0.0147,d89: 0.0146,d323: 0.0144,d21: 0.0144,d41: 0.0133,d162: 0.0131,d256: 0.0119,d202: 0.0112,d71: 0.0111,d284: 0.0107,d221: 0.0091,d286: 0.0090,d87: 0.0088,d231: 0.0084,d38: 0.0083,d179: 0.0079,d29: 0.0075,d294: 0.0071,d08: 0.0070,d72: 0.0068,d192: 0.0064,d81: 0.0061,d78: 0.0060,d272: 0.0060,d122: 0.0058,d61: 0.0055,d170: 0.0055,d240: 0.0054,d259: 0.0052,d166: 0.0052,d111: 0.0050,d308: 0.0049,d254: 0.0048,d97: 0.0046,d10: 0.0045,d268: 0.0045,d100: 0.0044,d55: 0.0043,d214: 0.0042,d193: 0.0042,d257: 0.0041,d194: 0.0040,d234: 0.0040,d328: 0.0039,d244: 0.0038,d251: 0.0037,d158: 0.0037,d98: 0.0034
q09 d60: 0.0432,d231: 0.0365,d100: 0.0344,d36: 0.0315,d52: 0.0242,d72: 0.0173,d31: 0.0154,d34: 0.0153,d91: 0.0131,d281: 0.0128,d215: 0.0121,d92: 0.0117,d79: 0.0113,d221: 0.0111,d314: 0.0110,d233: 0.0097,d99: 0.0094,d235: 0.0093,d305: 0.0093,d30: 0.0092,d170: 0.0092,d285: 0.0092,d294: 0.0091,d85: 0.0085,d68: 0.0084,d288: 0.0079,d142: 0.0074,d113: 0.0071,d35: 0.0070,d42: 0.0069,d69: 0.0069,d220: 0.0067,d295: 0.0066,d76: 0.0065,d59: 0.0063,d40: 0.0062,d64: 0.0062,d122: 0.0060,d279: 0.0059,d258: 0.0059,d217: 0.0059,d114: 0.0057,d327: 0.0053,d330: 0.0051,d212: 0.0051,d198: 0.0050,d109: 0.0049,d282: 0.0049,d313: 0.0048,d202: 0.0047,d117: 0.0047,d246: 0.0046,d118: 0.0044,d24: 0.0043,d201: 0.0042,d12: 0.0042,d194: 0.0042,d308: 0.0042,d254: 0.0041,d165: 0.0040,d20: 0.0039,d244: 0.0039,d44: 0.0039,d10: 0.0038,d263: 0.0038,d41: 0.0038,d26: 0.0037,d283: 0.0036,d323: 0.0036,d48: 0.0035,d77: 0.0033,d256: 0.0033,d179: 0.0033,d125: 0.0031,d151: 0.0029,d29: 0.0028,d58: 0.0027,d21: 0.0027,d137: 0.0027,d260: 0.0026,d152: 0.0026,d268: 0.0025,d167: 0.0025,d54: 0.0024,d329: 0.0024,d192: 0.0024,d172: 0.0024,d159: 0.0023,d57: 0.0023,d01: 0.0022,d65: 0.0022,d154: 0.0022,d325: 0.0021,d71: 0.0021,d223: 0.0020,d130: 0.0020,d322: 0.0019,d18: 0.0019,d132: 0.0019,d95: 0.0018,d177: 0.0018,d205: 0.0017,d09: 0.0017,d216: 0.0017,d271: 0.0016,d289: 0.0016,d66: 0.0016,d214: 0.0016,d15: 0.0015,d328: 0.0015,d219: 0.0015,d316: 0.0015,d22: 0.0014,d168: 0.0014,d264: 0.0014,d310: 0.0013,d232: 0.0013,d174: 0.0013,d291: 0.0013,d280: 0.0013,d203: 0.0013,d86: 0.0013,d237: 0.0013,d141: 0.0013,d230: 0.0013,d110: 0.0013,d312: 0.0013,d319: 0.0012,d248: 0.0012,d299: 0.0012,d301: 0.0012,d209: 0.0012,d81: 0.0012,d273: 0.0012,d124: 0.0012,d204: 0.0011,d135: 0.0011,d146: 0.0011,d171: 0.0011,d190: 0.0011,d23: 0.0011,d74: 0.0011,d56: 0.0011,d211: 0.0011,d331: 0.0011,d255: 0.0010,d61: 0.0010,d229: 0.0010,d131: 0.0010,d240: 0.0010,d101: 0.0010,d148: 0.0010,d259: 0.0010,d247: 0.0010,d144: 0.0010,d63: 0.0010,d185: 0.0010,d45: 0.0010,d126: 0.0010,d320: 0.0009,d46: 0.0009,d73: 0.0009,d27: 0.0009,d303: 0.0009,d129: 0.0009,d115: 0.0009,d14: 0.0009,d107: 0.0009,d97: 0.0009,d16: 0.0009,d307: 0.0009,d218: 0.0008,d138: 0.0008,d93: 0.0008,d173: 0.0008,d55: 0.0008,d250: 0.0008,d193: 0.0008,d25: 0.0008,d249: 0.0008,d257: 0.0008,d241: 0.0008,d234: 0.0008,d17: 0.0007,d133: 0.0007,d199: 0.0007,d262: 0.0007,d39: 0.0007,d324: 0.0007,d80: 0.0007,d251: 0.0007,d136: 0.0007,d175: 0.0006,d293: 0.0006,d03: 0.0005
q10 d258: 0.3611,d277: 0.3492,d239: 0.1008,d176: 0.0800,d250: 0.0720,d56: 0.0554,d301: 0.0476,d132: 0.0450,d81: 0.0378,d138: 0.0339,d78: 0.0332,d96: 0.0300,d12: 0.0270,d229: 0.0264,d156: 0.0248,d15: 0.0216,d34: 0.0215,d191: 0.0198,d11: 0.0194,d331: 0.0156,d280: 0.0144,d182: 0.0139,d225: 0.0138,d302: 0.0136,d95: 0.0135,d295: 0.0132,d184: 0.0131,d183: 0.0121,d190: 0.0118,d60: 0.0114,d297: 0.0111,d151: 0.0110,d236: 0.0109,d76: 0.0108,d102: 0.0103,d235: 0.0101,d21: 0.0098,d35: 0.0095,d169: 0.0095,d155: 0.0094,d270: 0.0091,d82: 0.0091,d150: 0.0090,d67: 0.0086,d124: 0.0086,d317: 0.0084,d122: 0.0082,d143: 0.0074,d247: 0.0073,d243: 0.0073,d180: 0.0071,d51: 0.0069,d129: 0.0068,d10: 0.0064,d197: 0.0063,d109: 0.0057,d52: 0.0055,d316: 0.0055,d141: 0.0048,d03: 0.0041,d48: 0.0041,d303: 0.0034
q11 d49: 0.0798,d272: 0.0766,d219: 0.0735,d56: 0.0629,d239: 0.0573,d277: 0.0492,d276: 0.0391,d222: 0.0380,d43: 0.0325,d241: 0.0323,d258: 0.0314,d286: 0.0281,d311: 0.0264,d317: 0.0264,d309: 0.0242,d221: 0.0240,d40: 0.0236,d70: 0.0229,d99: 0.0228,d42: 0.0225,d205: 0.0221,d55: 0.0221,d281: 0.0206,d194: 0.0194,d288: 0.0192,d47: 0.0182,d26: 0.0181,d126: 0.0174,d87: 0.0170,d285: 0.0168,d60: 0.0168,d289: 0.0168,d271: 0.0163,d19: 0.0154,d165: 0.0141,d183: 0.0140,d310: 0.0139,d297: 0.0127,d157: 0.0123,d15: 0.0121,d262: 0.0120,d292: 0.0119,d130: 0.0115,d303: 0.0110,d269: 0.0109,d290: 0.0107,d170: 0.0106,d161: 0.0104,d248: 0.0102,d249: 0.0101,d162: 0.0098,d138: 0.0096,d235: 0.0096,d237: 0.0094,d106: 0.0094,d305: 0.0092,d100: 0.0091,d50: 0.0090,d119: 0.0088,d02: 0.0086,d136: 0.0085,d139: 0.0085,d142: 0.0084,d313: 0.0081,d129: 0.0081,d189: 0.0080,d59: 0.0080,d18: 0.0078,d174: 0.0077,d190: 0.0076,d61: 0.0075,d200: 0.0075,d22: 0.0074,d150: 0.0073,d312: 0.0073,d164: 0.0073,d88: 0.0071,d13: 0.0071,d329: 0.0070,d37: 0.0069,d46: 0.0069,d28: 0.0067,d113: 0.0067,d124: 0.0066,d159: 0.0066,d72: 0.0066,d243: 0.0066,d75: 0.0066,d179: 0.0065,d135: 0.0064,d122: 0.0063,d171: 0.0063,d270: 0.0063,d263: 0.0061,d191: 0.0061,d07: 0.0061,d274: 0.0061,d156: 0.0059,d148: 0.0057,d79: 0.0056,d74: 0.0056,d51: 0.0053,d141: 0.0053,d246: 0.0053,d323: 0.0052,d240: 0.0052,d259: 0.0051,d245: 0.0051,d304: 0.0049,d253: 0.0049,d12: 0.0049,d212: 0.0047,d244: 0.0047,d318: 0.0047,d215: 0.0047,d94: 0.0046,d228: 0.0046,d147: 0.0045,d16: 0.0045,d257: 0.0044,d180: 0.0044,d103: 0.0044,d182: 0.0044,d29: 0.0043,d64: 0.0043,d123: 0.0043,d96: 0.0042,d58: 0.0042,d118: 0.0041,d250: 0.0041,d33: 0.0040,d107: 0.0040,d324: 0.0040,d193: 0.0040,d319: 0.0038,d153: 0.0038,d256: 0.0038,d280: 0.0038,d173: 0.0038,d172: 0.0037,d327: 0.0036,d128: 0.0036,d287: 0.0035,d204: 0.0035,d17: 0.0035,d98: 0.0033,d211: 0.0033,d117: 0.0032,d255: 0.0032,d158: 0.0032,d143: 0.0032,d224: 0.0030,d63: 0.0030,d185: 0.0030,d298: 0.0029,d225: 0.0029,d105: 0.0026,d218: 0.0026,d77: 0.0026,d186: 0.0025,d234: 0.0023,d52: 0.0023,d316: 0.0023,d236: 0.0022,d145: 0.0022,d102: 0.0021,d227: 0.0021,d232: 0.0021,d291: 0.0020,d230: 0.0020,d198: 0.0019,d163: 0.0019,d300: 0.0018,d67: 0.0018,d273: 0.0018,d306: 0.0017,d01: 0.0017,d83: 0.0017,d23: 0.0017,d279: 0.0017,d266: 0.0016,d202: 0.0016,d196: 0.0016,d226: 0.0016,d229: 0.0016,d238: 0.0016,d284: 0.0015,d101: 0.0015,d233: 0.0015,d04: 0.0015,d166: 0.0015,d144: 0.0015,d160: 0.0015,d45: 0.0015,d322: 0.0015,d330: 0.0014,d302: 0.0014,d188: 0.0014,d278: 0.0014,d21: 0.0014,d20: 0.0013,d14: 0.0013,d152: 0.0013,d307: 0.0013,d85: 0.0013,d134: 0.0013,d197: 0.0013,d121: 0.0013,d216: 0.0013,d210: 0.0013,d149: 0.0013,d314: 0.0013,d214: 0.0012,d24: 0.0012,d328: 0.0011,d80: 0.0011,d294: 0.0010,d203: 0.0010,d293: 0.0010,d184: 0.0009,d03: 0.0008
q12 d145: 0.1748,d121: 0.0789,d91: 0.0774,d122: 0.0755,d02: 0.0755,d81: 0.0745,d41: 0.0686,d93: 0.0659,d180: 0.0645,d247: 0.0629,d30: 0.0615,d117: 0.0614,d142: 0.0579,d133: 0.0532,d144: 0.0498,d82: 0.0487,d209: 0.0449,d22: 0.0449,d125: 0.0416,d136: 0.0409,d242: 0.0404,d280: 0.0395,d05: 0.0365,d277: 0.0359,d75: 0.0357,d85: 0.0356,d52: 0.0340,d62: 0.0337,d94: 0.0321,d130: 0.0313,d330: 0.0301,d69: 0.0296,d299: 0.0281,d314: 0.0256,d31: 0.0219,d104: 0.0218,d175: 0.0208,d89: 0.0206,d169: 0.0201,d16: 0.0201,d65: 0.0200,d229: 0.0196,d211: 0.0196,d86: 0.0180,d181: 0.0180,d68: 0.0176,d312: 0.0176,d172: 0.0165,d273: 0.0160,d192: 0.0158,d115: 0.0152,d174: 0.0152,d288: 0.0151,d186: 0.0150,d25: 0.0150,d308: 0.0148,d116: 0.0137,d219: 0.0137,d233: 0.0136,d73: 0.0128,d323: 0.0125,d21: 0.0125,d254: 0.0120,d238: 0.0115,d97: 0.0115,d162: 0.0114,d110: 0.0109,d256: 0.0103,d202: 0.0097,d71: 0.0096,d223: 0.0095,d284: 0.0093,d23: 0.0092,d131: 0.0086,d221: 0.0079,d286: 0.0079,d143: 0.0078,d87: 0.0076,d147: 0.0075,d231: 0.0074,d38: 0.0072,d293: 0.0071,d179: 0.0069,d29: 0.0065,d294: 0.0062,d08: 0.0061,d72: 0.0059,d198: 0.0058,d78: 0.0053,d272: 0.0052,d61: 0.0048,d170: 0.0048,d240: 0.0047,d259: 0.0046,d166: 0.0045,d111: 0.0043,d205: 0.0040,d10: 0.0040,d268: 0.0039,d100: 0.0038,d55: 0.0038,d214: 0.0037,d193: 0.0036,d257: 0.0036,d194: 0.0035,d234: 0.0035,d328: 0.0034,d244: 0.0033,d251: 0.0032,d158: 0.0032,d98: 0.0030
q13 d132: 0.1415,d184: 0.1319,d250: 0.1001,d176: 0.0707,d95: 0.0623,d277: 0.0619,d239: 0.0558,d81: 0.0542,d229: 0.0510,d279: 0.0369,d156: 0.0356,d78: 0.0355,d56: 0.0336,d34: 0.0309,d191: 0.0285,d150: 0.0270,d24: 0.0268,d96: 0.0256,d158: 0.0236,d86: 0.0222,d329: 0.0209,d280: 0.0207,d306: 0.0192,d295: 0.0189,d301: 0.0188,d83: 0.0187,d71: 0.0178,d190: 0.0169,d60: 0.0163,d297: 0.0160,d76: 0.0155,d254: 0.0155,d147: 0.0151,d165: 0.0150,d97: 0.0149,d152: 0.0148,d235: 0.0145,d77: 0.0143,d21: 0.0141,d231: 0.0136,d169: 0.0136,d138: 0.0131,d133: 0.0128,d182: 0.0118,d49: 0.0117,d143: 0.0107,d293: 0.0106
q14 d271: 0.1154,d172: 0.0943,d146: 0.0843,d91: 0.0834,d121: 0.0761,d288: 0.0419,d24: 0.0361,d171: 0.0314,d183: 0.0310,d122: 0.0175,d274: 0.0167,d289: 0.0155,d66: 0.0151,d316: 0.0129,d106: 0.0123,d163: 0.0116,d299: 0.0115,d239: 0.0113,d30: 0.0098,d130: 0.0095,d03: 0.0087,d190: 0.0086,d74: 0.0086,d297: 0.0081,d148: 0.0079,d233: 0.0077,d250: 0.0075,d132: 0.0075,d212: 0.0073,d188: 0.0072,d191: 0.0072,d137: 0.0071,d262: 0.0069,d252: 0.0066,d258: 0.0052
q15 d192: 0.3899,d194: 0.3468,d201: 0.2415,d230: 0.2202,d210: 0.1464,d207: 0.1352,d111: 0.1323,d222: 0.1176,d223: 0.1080,d199: 0.0905,d216: 0.0870,d55: 0.0694,d219: 0.0687,d163: 0.0638,d198: 0.0591,d203: 0.0568,d220: 0.0502,d208: 0.0492,d209: 0.0489,d221: 0.0452,d197: 0.0401,d322: 0.0399,d61: 0.0376,d202: 0.0359,d227: 0.0357,d215: 0.0336,d191: 0.0331,d301: 0.0295,d53: 0.0293,d211: 0.0282,d195: 0.0261,d236: 0.0229,d142: 0.0226,d213: 0.0217,d276: 0.0214,d279: 0.0211,d193: 0.0207,d266: 0.0207,d212: 0.0183,d304: 0.0180,d296: 0.0179,d217: 0.0178,d122: 0.0172,d200: 0.0163,d214: 0.0155,d251: 0.0153,d204: 0.0149,d124: 0.0147,d109: 0.0138,d224: 0.0134,d206: 0.0132,d303: 0.0123,d205: 0.0118,d218: 0.0112,d182: 0.0097,d58: 0.0089,d315: 0.0088,d72: 0.0088,d174: 0.0087,d110: 0.0081,d248: 0.0081,d319: 0.0080,d28: 0.0079,d172: 0.0078,d260: 0.0076,d78: 0.0074,d240: 0.0069,d246: 0.0067,d71: 0.0066,d160: 0.0063,d129: 0.0062,d242: 0.0061,d282: 0.0061,d330: 0.0061,d235: 0.0061,d253: 0.0060,d27: 0.0060,d302: 0.0060,d89: 0.0058,d137: 0.0058,d275: 0.0058,d20: 0.0056,d268: 0.0055,d164: 0.0054,d249: 0.0049,d52: 0.0049,d241: 0.0049,d123: 0.0047,d280: 0.0042,d98: 0.0042,d271: 0.0036,d48: 0.0035,d177: 0.0027
q16 d179: 0.1681,d323: 0.0581,d04: 0.0463,d21: 0.0429,d273: 0.0389,d102: 0.0366,d01: 0.0269,d330: 0.0269,d310: 0.0260,d69: 0.0257,d136: 0.0231,d320: 0.0229,d28: 0.0224,d78: 0.0219,d56: 0.0207,d200: 0.0203,d15: 0.0181,d194: 0.0180,d88: 0.0179,d153: 0.0149,d222: 0.0137,d204: 0.0134,d35: 0.0123,d138: 0.0121,d321: 0.0119,d55: 0.0118,d277: 0.0118,d185: 0.0114,d51: 0.0110,d266: 0.0103,d95: 0.0088,d158: 0.0082,d09: 0.0081,d289: 0.0078,d258: 0.0078,d189: 0.0075,d293: 0.0074,d241: 0.0073,d291: 0.0064,d91: 0.0063,d106: 0.0062,d98: 0.0062,d230: 0.0062,d299: 0.0058,d300: 0.0056,d272: 0.0054,d274: 0.0051,d309: 0.0050,d180: 0.0046,d111: 0.0045,d212: 0.0044,d129: 0.0044,d191: 0.0044,d254: 0.0044,d147: 0.0042,d92: 0.0042,d197: 0.0041,d231: 0.0038,d193: 0.0038,d257: 0.0037,d109: 0.0037,d294: 0.0032,d175: 0.0031,d190: 0.0026
q17 d258: 0.0888,d239: 0.0705,d277: 0.0705,d11: 0.0611,d56: 0.0605,d266: 0.0584,d327: 0.0564,d49: 0.0559,d297: 0.0481,d184: 0.0382,d286: 0.0337,d10: 0.0325,d159: 0.0302,d331: 0.0296,d138: 0.0274,d149: 0.0257,d145: 0.0228,d330: 0.0222,d72: 0.0204,d319: 0.0196,d135: 0.0174,d240: 0.0160,d04: 0.0152,d20: 0.0137,d121: 0.0133,d100: 0.0130,d164: 0.0129,d229: 0.0128,d132: 0.0118,d225: 0.0116,d302: 0.0114,d95: 0.0113,d157: 0.0112,d64: 0.0110,d07: 0.0105,d86: 0.0103,d96: 0.0102,d183: 0.0101,d153: 0.0099,d250: 0.0099,d299: 0.0096,d151: 0.0092,d236: 0.0091,d146: 0.0088,d102: 0.0086,d190: 0.0086,d69: 0.0085,d140: 0.0084,d35: 0.0080,d155: 0.0079,d233: 0.0078,d270: 0.0076,d82: 0.0076,d127: 0.0075,d67: 0.0072,d124: 0.0072,d78: 0.0071,d317: 0.0070,d147: 0.0070,d152: 0.0069,d92: 0.0069,d122: 0.0068,d305: 0.0067,d176: 0.0066,d55: 0.0065,d247: 0.0061,d243: 0.0061,d180: 0.0059,d328: 0.0059,d116: 0.0059,d51: 0.0058,d129: 0.0057,d197: 0.0053,d280: 0.0053,d98: 0.0051,d109: 0.0047,d182: 0.0047,d52: 0.0046,d316: 0.0046,d141: 0.0040,d03: 0.0034,d48: 0.0034,d303: 0.0028
q18 d219: 0.6505,d276: 0.0996,d323: 0.0237,d26: 0.0217,d07: 0.0036,d221: 0.0031,d245: 0.0030,d318: 0.0028,d215: 0.0027,d228: 0.0027,d180: 0.0026,d103: 0.0026,d29: 0.0025,d64: 0.0025,d58: 0.0025,d107: 0.0024,d290: 0.0024,d319: 0.0023,d153: 0.0023,d248: 0.0022,d173: 0.0022,d172: 0.0021,d327: 0.0021,d128: 0.0021,d222: 0.0021,d19: 0.0021,d287: 0.0021,d204: 0.0020,d17: 0.0020,d119: 0.0019,d211: 0.0019,d117: 0.0019,d255: 0.0019,d158: 0.0019,d143: 0.0019,d224: 0.0018,d63: 0.0017,d185: 0.0017,d18: 0.0017,d298: 0.0017,d225: 0.0017,d129: 0.0016,d105: 0.0015,d200: 0.0015,d218: 0.0015,d77: 0.0015,d150: 0.0015,d164: 0.0015,d55: 0.0015,d186: 0.0015,d234: 0.0014,d52: 0.0013,d179: 0.0013,d316: 0.0013,d43: 0.0013,d236: 0.0013,d145: 0.0013,d47: 0.0013,d40: 0.0013,d102: 0.0013,d263: 0.0012,d227: 0.0012,d232: 0.0012,d50: 0.0012,d291: 0.0012,d70: 0.0012,d237: 0.0012,d106: 0.0012,d141: 0.0012,d02: 0.0012,d230: 0.0012,d198: 0.0011,d163: 0.0011,d313: 0.0011,d300: 0.0011,d281: 0.0011,d67: 0.0010,d273: 0.0010,d142: 0.0010,d317: 0.0010,d306: 0.0010,d01: 0.0010,d83: 0.0010,d190: 0.0010,d23: 0.0010,d279: 0.0010,d266: 0.0010,d202: 0.0009,d196: 0.0009,d309: 0.0009,d61: 0.0009,d37: 0.0009,d226: 0.0009,d229: 0.0009,d297: 0.0009,d238: 0.0009,d284: 0.0009,d101: 0.0009,d277: 0.0009,d243: 0.0009,d233: 0.0009,d04: 0.0009,d166: 0.0009,d144: 0.0009,d160: 0.0009,d45: 0.0009,d322: 0.0009,d126: 0.0009,d46: 0.0008,d330: 0.0008,d285: 0.0008,d302: 0.0008,d188: 0.0008,d191: 0.0008,d278: 0.0008,d21: 0.0008,d161: 0.0008,d20: 0.0008,d14: 0.0008,d152: 0.0008,d205: 0.0008,d307: 0.0008,d85: 0.0008,d286: 0.0008,d134: 0.0008,d197: 0.0008,d121: 0.0008,d79: 0.0008,d216: 0.0007,d210: 0.0007,d162: 0.0007,d149: 0.0007,d314: 0.0007,d214: 0.0007,d24: 0.0007,d42: 0.0007,d249: 0.0007,d194: 0.0007,d328: 0.0007,d304: 0.0007,d139: 0.0006,d244: 0.0006,d80: 0.0006,d136: 0.0006,d294: 0.0006,d203: 0.0006,d293: 0.0006,d184: 0.0005,d03: 0.0005
q19 d199: 0.1688,d198: 0.0847,d223: 0.0827,d243: 0.0811,d220: 0.0798,d222: 0.0777,d202: 0.0707,d151: 0.0609,d219: 0.0597,d99: 0.0576,d60: 0.0574,d61: 0.0570,d216: 0.0556,d201: 0.0528,d88: 0.0512,d282: 0.0490,d192: 0.0483,d221: 0.0466,d74: 0.0445,d210: 0.0444,d213: 0.0427,d42: 0.0425,d34: 0.0408,d215: 0.0408,d80: 0.0386,d129: 0.0374,d98: 0.0355,d217: 0.0351,d281: 0.0322,d31: 0.0315,d194: 0.0305,d135: 0.0305,d83: 0.0301,d274: 0.0290,d255: 0.0286,d211: 0.0285,d240: 0.0274,d112: 0.0274,d203: 0.0265,d224: 0.0264,d208: 0.0255,d205: 0.0232,d197: 0.0227,d96: 0.0226,d289: 0.0224,d276: 0.0218,d193: 0.0210,d123: 0.0204,d262: 0.0199,d40: 0.0191,d303: 0.0184,d237: 0.0178,d311: 0.0177,d72: 0.0172,d67: 0.0159,d209: 0.0157,d28: 0.0156,d142: 0.0154,d204: 0.0152,d181: 0.0145,d229: 0.0141,d207: 0.0141,d265: 0.0133,d253: 0.0130,d212: 0.0124,d165: 0.0121,d242: 0.0121,d44: 0.0118,d218: 0.0114,d55: 0.0110,d195: 0.0109,d214: 0.0106,d234: 0.0104,d39: 0.0098,d263: 0.0095,d294: 0.0092,d177: 0.0053
q20 d166: 0.3251,d20: 0.1864,d328: 0.1799,d128: 0.1416,d156: 0.1385,d23: 0.1310,d265: 0.1178,d167: 0.0569,d245: 0.0499,d211: 0.0322,d247: 0.0298,d32: 0.0271
q21 d152: 0.5265,d291: 0.0951,d143: 0.0906,d95: 0.0847,d171: 0.0817,d228: 0.0645,d131: 0.0561,d293: 0.0527,d66: 0.0527,d241: 0.0495,d147: 0.0491,d52: 0.0410,d206: 0.0381,d316: 0.0305,d318: 0.0301,d231: 0.0296,d300: 0.0290,d190: 0.0284,d322: 0.0278,d136: 0.0278,d109: 0.0259,d02: 0.0252,d94: 0.0249,d273: 0.0249,d92: 0.0241,d116: 0.0228,d105: 0.0223,d235: 0.0212,d208: 0.0204,d174: 0.0181,d07: 0.0178,d183: 0.0175,d323: 0.0168,d279: 0.0167,d138: 0.0155,d292: 0.0148,d306: 0.0139,d219: 0.0138,d179: 0.0137,d149: 0.0127,d283: 0.0123,d224: 0.0121,d161: 0.0119,d312: 0.0118,d12: 0.0117,d197: 0.0114,d164: 0.0111,d287: 0.0106,d210: 0.0102,d17: 0.0102,d173: 0.0101,d98: 0.0100,d29: 0.0087,d102: 0.0086,d212: 0.0086,d27: 0.0085,d290: 0.0081,d217: 0.0081,d113: 0.0080,d133: 0.0069,d199: 0.0069,d62: 0.0067,d140: 0.0066,d33: 0.0065,d331: 0.0065,d117: 0.0064,d178: 0.0063,d215: 0.0063,d284: 0.0062,d277: 0.0061,d265: 0.0060,d175: 0.0060,d141: 0.0060,d05: 0.0057,d129: 0.0056,d36: 0.0054,d14: 0.0054,d107: 0.0054,d305: 0.0052,d03: 0.0051,d182: 0.0047,d263: 0.0043
q22 d103: 0.0487,d166: 0.0456,d51: 0.0410,d54: 0.0401,d66: 0.0345,d67: 0.0336,d136: 0.0335,d132: 0.0323,d107: 0.0293,d291: 0.0289,d58: 0.0275,d211: 0.0269,d316: 0.0268,d293: 0.0257,d116: 0.0242,d227: 0.0242,d187: 0.0239,d83: 0.0238,d158: 0.0233,d74: 0.0231,d17: 0.0221,d56: 0.0195,d152: 0.0189,d29: 0.0180,d300: 0.0176,d159: 0.0173,d174: 0.0171,d109: 0.0168,d251: 0.0167,d33: 0.0167,d85: 0.0157,d139: 0.0155,d64: 0.0153,d164: 0.0149,d94: 0.0146,d161: 0.0144,d292: 0.0139,d222: 0.0131,d145: 0.0130,d209: 0.0129,d215: 0.0128,d243: 0.0125,d23: 0.0122,d119: 0.0118,d27: 0.0117,d30: 0.0117,d02: 0.0116,d238: 0.0115,d130: 0.0114,d143: 0.0112,d101: 0.0110,d79: 0.0106,d05: 0.0104,d75: 0.0103,d108: 0.0103,d102: 0.0102,d42: 0.0098,d14: 0.0097,d290: 0.0096,d15: 0.0096,d199: 0.0094,d210: 0.0094,d150: 0.0094,d304: 0.0093,d281: 0.0086,d296: 0.0083,d141: 0.0081,d274: 0.0078,d325: 0.0077,d255: 0.0076,d162: 0.0075,d269: 0.0073,d167: 0.0071,d80: 0.0063,d276: 0.0060,d271: 0.0050,d237: 0.0048,d311: 0.0047,d198: 0.0046,d88: 0.0046,d299: 0.0045,d156: 0.0042,d306: 0.0041,d279: 0.0040,d170: 0.0038,d259: 0.0036,d322: 0.0035,d18: 0.0035,d12: 0.0035,d330: 0.0034,d129: 0.0034,d283: 0.0033,d282: 0.0033,d20: 0.0032,d16: 0.0032,d197: 0.0031,d77: 0.0031,d26: 0.0030,d173: 0.0030,d55: 0.0030,d195: 0.0030,d231: 0.0029,d194: 0.0028,d179: 0.0027,d318: 0.0022,d184: 0.0022
q23 d136: 0.0798,d316: 0.0756,d291: 0.0611,d66: 0.0531,d174: 0.0443,d56: 0.0428,d279: 0.0423,d35: 0.0386,d159: 0.0363,d322: 0.0337,d147: 0.0331,d102: 0.0296,d164: 0.0290,d29: 0.0285,d94: 0.0284,d173: 0.0254,d70: 0.0242,d145: 0.0241,d264: 0.0231,d15: 0.0223,d161: 0.0221,d289: 0.0219,d212: 0.0219,d152: 0.0218,d321: 0.0218,d292: 0.0215,d02: 0.0214,d67: 0.0214,d27: 0.0211,d237: 0.0211,d132: 0.0206,d79: 0.0196,d226: 0.0192,d75: 0.0191,d80: 0.0188,d83: 0.0183,d295: 0.0177,d327: 0.0173,d162: 0.0166,d107: 0.0163,d86: 0.0162,d143: 0.0161,d198: 0.0157,d273: 0.0154,d296: 0.0154,d191: 0.0153,d309: 0.0152,d37: 0.0146,d42: 0.0143,d85: 0.0139,d160: 0.0137,d263: 0.0136,d275: 0.0134,d139: 0.0132,d99: 0.0130,d165: 0.0129,d254: 0.0128,d193: 0.0127,d183: 0.0123,d153: 0.0120,d283: 0.0118,d33: 0.0118,d252: 0.0118,d186: 0.0115,d271: 0.0111,d72: 0.0108,d141: 0.0107,d294: 0.0106,d08: 0.0105,d109: 0.0103,d55: 0.0101,d276: 0.0101,d312: 0.0100,d241: 0.0098,d194: 0.0098,d270: 0.0097,d18: 0.0097,d329: 0.0097,d328: 0.0096,d168: 0.0092,d129: 0.0092,d31: 0.0091,d46: 0.0090,d310: 0.0090,d211: 0.0089,d267: 0.0088,d47: 0.0087,d64: 0.0086,d246: 0.0086,d58: 0.0085,d259: 0.0083,d248: 0.0083,d243: 0.0082,d233: 0.0082,d54: 0.0082,d299: 0.0081,d185: 0.0081,d106: 0.0080,d12: 0.0079,d269: 0.0079,d84: 0.0077,d13: 0.0076,d98: 0.0076,d306: 0.0075,d19: 0.0072,d115: 0.0071,d60: 0.0070,d260: 0.0069,d297: 0.0069,d240: 0.0067,d26: 0.0066,d331: 0.0065,d230: 0.0065,d110: 0.0065,d144: 0.0065,d170: 0.0064,d180: 0.0064,d88: 0.0063,d231: 0.0063,d131: 0.0063,d298: 0.0062,d120: 0.0062,d221: 0.0058,d10: 0.0058,d89: 0.0057,d278: 0.0057,d77: 0.0056,d190: 0.0055,d169: 0.0054,d48: 0.0053,d305: 0.0052,d216: 0.0051,d195: 0.0050,d304: 0.0049,d22: 0.0049,d111: 0.0048,d235: 0.0047,d125: 0.0047,d52: 0.0046,d123: 0.0046,d49: 0.0046,d303: 0.0044,d114: 0.0043,d150: 0.0042,d239: 0.0041,d293: 0.0039,d71: 0.0035,d206: 0.0035,d148: 0.0034,d63: 0.0033,d45: 0.0033,d103: 0.0032,d330: 0.0032,d188: 0.0031,d16: 0.0030,d307: 0.0029,d09: 0.0029,d314: 0.0028,d250: 0.0027,d189: 0.0027,d133: 0.0025,d220: 0.0025,d179: 0.0025,d116: 0.0025,d219: 0.0025,d236: 0.0025,d324: 0.0024,d91: 0.0022,d11: 0.0022,d290: 0.0022,d175: 0.0022,d318: 0.0021,d313: 0.0021,d184: 0.0020,d281: 0.0020,d222: 0.0020,d57: 0.0019,d287: 0.0019,d01: 0.0019,d65: 0.0018,d23: 0.0018,d119: 0.0018,d69: 0.0018,d202: 0.0018,d325: 0.0018,d61: 0.0018,d130: 0.0017,d101: 0.0017,d277: 0.0017,d247: 0.0017,d108: 0.0015,d21: 0.0015,d53: 0.0015,d137: 0.0015,d14: 0.0015,d97: 0.0015,d286: 0.0014,d197: 0.0014,d121: 0.0014,d100: 0.0014,d93: 0.0014,d210: 0.0014,d87: 0.0014,d149: 0.0014,d96: 0.0014,d24: 0.0013,d249: 0.0013,d234: 0.0013,d256: 0.0013,d262: 0.0012,d39: 0.0012,d244: 0.0012,d03: 0.0009
q24 d314: 0.1805,d113: 0.1071,d37: 0.0976,d261: 0.0709,d01: 0.0616,d120: 0.0509,d133: 0.0412,d46: 0.0314,d62: 0.0298,d159: 0.0268,d294: 0.0264,d191: 0.0251,d173: 0.0238,d286: 0.0234,d70: 0.0227,d226: 0.0180,d212: 0.0161,d291: 0.0155,d107: 0.0153,d86: 0.0152,d198: 0.0147,d279: 0.0126,d99: 0.0122,d160: 0.0113,d254: 0.0106,d147: 0.0103,d252: 0.0097,d55: 0.0095,d276: 0.0095,d186: 0.0095,d264: 0.0083,d47: 0.0081,d102: 0.0081,d64: 0.0081,d58: 0.0080,d136: 0.0080,d174: 0.0078,d08: 0.0077,d237: 0.0076,d106: 0.0075,d312: 0.0074,d153: 0.0073,d13: 0.0072,d270: 0.0072,d329: 0.0071,d295: 0.0071,d327: 0.0069,d19: 0.0067,d31: 0.0067,d292: 0.0064,d56: 0.0063,d331: 0.0061,d309: 0.0061,d170: 0.0060,d131: 0.0059,d269: 0.0058,d27: 0.0054,d89: 0.0053,d278: 0.0053,d283: 0.0053,d115: 0.0052,d165: 0.0051,d169: 0.0051,d85: 0.0050,d305: 0.0049,d26: 0.0048,d216: 0.0048,d195: 0.0047,d231: 0.0046,d193: 0.0046,d241: 0.0044,d194: 0.0044,d15: 0.0044,d52: 0.0044,d328: 0.0043,d123: 0.0043,d168: 0.0042,d263: 0.0040,d293: 0.0036,d48: 0.0032,d303: 0.0027
q25 d90: 0.2583,d25: 0.2225,d67: 0.1292,d139: 0.1120,d31: 0.0598,d92: 0.0437,d140: 0.0396,d254: 0.0322,d305: 0.0314,d282: 0.0301,d15: 0.0280,d324: 0.0261,d145: 0.0241,d72: 0.0239,d141: 0.0238,d59: 0.0235,d172: 0.0221,d11: 0.0220,d317: 0.0211,d83: 0.0204,d222: 0.0194,d226: 0.0192,d284: 0.0187,d279: 0.0181,d60: 0.0176,d235: 0.0173,d105: 0.0160,d18: 0.0160,d06: 0.0153,d53: 0.0151,d268: 0.0142,d252: 0.0140,d314: 0.0138,d42: 0.0130,d227: 0.0127,d262: 0.0121,d184: 0.0101,d271: 0.0092
q26 d248: 0.0664,d221: 0.0147,d224: 0.0144,d312: 0.0124,d113: 0.0111,d75: 0.0101,d40: 0.0098,d198: 0.0097,d110: 0.0094,d216: 0.0094,d138: 0.0090,d37: 0.0089,d34: 0.0082,d232: 0.0078,d47: 0.0077,d91: 0.0076,d288: 0.0076,d246: 0.0075,d270: 0.0071,d106: 0.0071,d261: 0.0071,d10: 0.0071,d213: 0.0068,d43: 0.0068,d108: 0.0067,d62: 0.0066,d59: 0.0064,d122: 0.0064,d219: 0.0063,d207: 0.0061,d148: 0.0058,d60: 0.0057,d237: 0.0056,d192: 0.0055,d327: 0.0054,d235: 0.0054,d241: 0.0054,d278: 0.0053,d142: 0.0053,d225: 0.0051,d27: 0.0051,d281: 0.0050,d266: 0.0049,d260: 0.0048,d117: 0.0048,d196: 0.0048,d226: 0.0047,d215: 0.0047,d130: 0.0046,d24: 0.0046,d151: 0.0045,d325: 0.0045,d170: 0.0044,d180: 0.0044,d66: 0.0044,d189: 0.0043,d282: 0.0041,d08: 0.0041,d290: 0.0040,d70: 0.0040,d308: 0.0040,d44: 0.0040,d155: 0.0039,d227: 0.0038,d82: 0.0038,d85: 0.0037,d121: 0.0036,d86: 0.0036,d81: 0.0036,d87: 0.0035,d193: 0.0033,d202: 0.0032,d15: 0.0032,d99: 0.0032,d223: 0.0031,d39: 0.0031,d271: 0.0030,d292: 0.0030,d65: 0.0030,d279: 0.0030,d63: 0.0030,d119: 0.0030,d45: 0.0029,d126: 0.0029,d211: 0.0029,d181: 0.0029,d127: 0.0029,d46: 0.0029,d71: 0.0029,d61: 0.0029,d89: 0.0028,d95: 0.0028,d112: 0.0027,d243: 0.0027,d166: 0.0027,d144: 0.0027,d253: 0.0026,d197: 0.0026,d09: 0.0026,d93: 0.0025,d210: 0.0025,d05: 0.0025,d06: 0.0025,d283: 0.0025,d242: 0.0025,d32: 0.0025,d118: 0.0025,d250: 0.0024,d20: 0.0024,d92: 0.0024,d307: 0.0024,d190: 0.0023,d252: 0.0023,d133: 0.0023,d26: 0.0023,d123: 0.0023,d162: 0.0023,d236: 0.0022,d55: 0.0022,d22: 0.0022,d264: 0.0022,d214: 0.0022,d80: 0.0022,d251: 0.0021,d249: 0.0021,d109: 0.0021,d194: 0.0021,d294: 0.0021,d50: 0.0021,d52: 0.0021,d256: 0.0020,d201: 0.0020,d35: 0.0020,d125: 0.0019,d13: 0.0019,d136: 0.0019,d301: 0.0018,d209: 0.0018,d28: 0.0018,d98: 0.0018,d287: 0.0017,d78: 0.0017,d01: 0.0017,d135: 0.0017,d83: 0.0017,d274: 0.0016,d255: 0.0016,d30: 0.0016,d131: 0.0015,d240: 0.0015,d76: 0.0015,d48: 0.0015,d320: 0.0015,d73: 0.0014,d296: 0.0014,d129: 0.0014,d323: 0.0014,d205: 0.0013,d200: 0.0013,d286: 0.0013,d305: 0.0013,d79: 0.0013,d164: 0.0013,d96: 0.0013,d195: 0.0012,d38: 0.0012,d42: 0.0012,d182: 0.0012,d316: 0.0011,d263: 0.0011,d203: 0.0010
q27 d321: 0.1863,d257: 0.1834,d150: 0.1746,d23: 0.1597,d247: 0.1510,d277: 0.1305,d265: 0.1094,d328: 0.0618,d156: 0.0584,d20: 0.0283,d223: 0.0273,d107: 0.0257,d214: 0.0210,d167: 0.0201,d219: 0.0197,d151: 0.0196,d131: 0.0189,d100: 0.0187,d268: 0.0183,d76: 0.0178,d102: 0.0156,d323: 0.0154,d69: 0.0151,d07: 0.0148,d60: 0.0148,d10: 0.0146,d211: 0.0141,d71: 0.0138,d320: 0.0134,d110: 0.0133,d198: 0.0131,d13: 0.0128,d270: 0.0128,d54: 0.0127,d95: 0.0121,d77: 0.0119,d288: 0.0117,d229: 0.0115,d205: 0.0115,d292: 0.0114,d83: 0.0114,d210: 0.0110,d276: 0.0108,d310: 0.0101,d203: 0.0098,d290: 0.0098,d51: 0.0097,d29: 0.0094,d319: 0.0094,d59: 0.0093,d92: 0.0090,d197: 0.0088,d281: 0.0088,d31: 0.0086,d230: 0.0085,d272: 0.0084,d94: 0.0084,d316: 0.0083,d231: 0.0083,d279: 0.0081,d295: 0.0081,d255: 0.0078,d309: 0.0078,d256: 0.0077,d170: 0.0077,d81: 0.0077,d222: 0.0077,d294: 0.0076,d103: 0.0071,d274: 0.0070,d202: 0.0070,d267: 0.0070,d207: 0.0070,d226: 0.0068,d191: 0.0068,d283: 0.0068,d259: 0.0066,d79: 0.0063,d111: 0.0062,d298: 0.0062,d41: 0.0056,d262: 0.0054,d157: 0.0054,d33: 0.0053,d136: 0.0051,d68: 0.0051,d15: 0.0050,d199: 0.0049,d35: 0.0048,d88: 0.0047,d248: 0.0046,d125: 0.0046,d49: 0.0045,d313: 0.0045,d192: 0.0045,d67: 0.0043,d19: 0.0043,d175: 0.0043,d306: 0.0042,d271: 0.0041,d119: 0.0040,d266: 0.0040,d284: 0.0038,d322: 0.0036,d208: 0.0036,d253: 0.0035,d12: 0.0035,d46: 0.0035,d235: 0.0035,d27: 0.0034,d302: 0.0034,d21: 0.0034,d115: 0.0033,d275: 0.0033,d85: 0.0032,d218: 0.0032,d286: 0.0032,d138: 0.0031,d93: 0.0031,d162: 0.0031,d149: 0.0031,d55: 0.0031,d186: 0.0030,d250: 0.0030,d189: 0.0029,d182: 0.0028,d17: 0.0028,d244: 0.0027,d158: 0.0026,d143: 0.0026,d141: 0.0024,d260: 0.0022,d03: 0.0020
q28 d169: 0.1062,d116: 0.0493,d62: 0.0359,d294: 0.0301,d35: 0.0286,d327: 0.0265,d120: 0.0206,d231: 0.0178,d141: 0.0143
q29 d239: 0.0666,d263: 0.0597,d36: 0.0445,d138: 0.0380,d294: 0.0367,d56: 0.0344,d229: 0.0337,d118: 0.0301,d161: 0.0297,d67: 0.0288,d317: 0.0281,d66: 0.0268,d258: 0.0260,d39: 0.0254,d312: 0.0238,d277: 0.0237,d58: 0.0232,d51: 0.0231,d311: 0.0217,d11: 0.0209,d325: 0.0198,d260: 0.0197,d255: 0.0196,d31: 0.0193,d235: 0.0193,d109: 0.0189,d95: 0.0181,d151: 0.0175,d296: 0.0173,d284: 0.0170,d331: 0.0168,d305: 0.0159,d250: 0.0157,d132: 0.0151,d155: 0.0151,d225: 0.0148,d169: 0.0147,d96: 0.0147,d92: 0.0146,d302: 0.0146,d270: 0.0145,d236: 0.0145,d82: 0.0145,d180: 0.0132,d25: 0.0132,d122: 0.0131,d249: 0.0130,d183: 0.0130,d84: 0.0128,d35: 0.0127,d198: 0.0122,d224: 0.0114,d78: 0.0113,d280: 0.0112,d102: 0.0111,d190: 0.0102,d197: 0.0100,d124: 0.0092,d129: 0.0091,d75: 0.0089,d43: 0.0085,d176: 0.0084,d62: 0.0084,d59: 0.0081,d247: 0.0078,d243: 0.0078,d182: 0.0075,d110: 0.0074,d316: 0.0073,d192: 0.0070,d327: 0.0069,d10: 0.0068,d142: 0.0067,d221: 0.0067,d266: 0.0062,d117: 0.0061,d196: 0.0060,d226: 0.0060,d52: 0.0060,d246: 0.0060,d215: 0.0059,d130: 0.0058,d108: 0.0053,d232: 0.0052,d282: 0.0052,d08: 0.0051,d141: 0.0051,d91: 0.0051,d290: 0.0051,d70: 0.0050,d113: 0.0050,d44: 0.0050,d81: 0.0045,d03: 0.0044,d48: 0.0044,d202: 0.0041,d99: 0.0041,d207: 0.0041,d37: 0.0040,d223: 0.0040,d148: 0.0039,d63: 0.0038,d45: 0.0037,d126: 0.0037,d127: 0.0037,d46: 0.0037,d303: 0.0036,d89: 0.0036,d278: 0.0035,d288: 0.0034,d09: 0.0033,d216: 0.0032,d93: 0.0032,d210: 0.0032,d213: 0.0031,d24: 0.0030,d133: 0.0029,d219: 0.0029,d123: 0.0029,d22: 0.0028,d264: 0.0028,d80: 0.0027,d251: 0.0027,d40: 0.0027,d50: 0.0026,d201: 0.0025,d237: 0.0025,d13: 0.0024,d301: 0.0023,d209: 0.0023,d281: 0.0023,d28: 0.0023,d287: 0.0022,d01: 0.0022,d135: 0.0022,d83: 0.0021,d274: 0.0020,d30: 0.0020,d170: 0.0020,d131: 0.0020,d240: 0.0020,d76: 0.0019,d320: 0.0018,d308: 0.0018,d73: 0.0018,d323: 0.0018,d205: 0.0017,d85: 0.0017,d200: 0.0017,d286: 0.0016,d121: 0.0016,d79: 0.0016,d87: 0.0016,d164: 0.0016,d195: 0.0016,d193: 0.0015,d38: 0.0015,d42: 0.0015,d241: 0.0015,d15: 0.0015,d203: 0.0013
q30 d250: 0.1015,d307: 0.1003,d42: 0.0972,d283: 0.0909,d228: 0.0533,d262: 0.0500,d122: 0.0470,d112: 0.0400,d288: 0.0377,d98: 0.0368,d46: 0.0334,d173: 0.0326,d131: 0.0305,d58: 0.0296,d238: 0.0295,d47: 0.0264,d225: 0.0262,d22: 0.0255,d142: 0.0247,d248: 0.0247,d82: 0.0244,d64: 0.0244,d252: 0.0241,d291: 0.0236,d223: 0.0211,d306: 0.0201,d263: 0.0200,d144: 0.0194,d12: 0.0191,d189: 0.0190,d249: 0.0186,d174: 0.0170,d111: 0.0165,d113: 0.0164,d106: 0.0164,d124: 0.0162,d325: 0.0159,d241: 0.0157,d164: 0.0155,d138: 0.0149,d279: 0.0149,d63: 0.0147,d117: 0.0147,d91: 0.0135,d147: 0.0134,d296: 0.0129,d275: 0.0123,d152: 0.0122,d222: 0.0119,d31: 0.0118,d118: 0.0113,d119: 0.0111,d105: 0.0109,d318: 0.0109,d271: 0.0103,d35: 0.0097,d62: 0.0096,d140: 0.0094,d21: 0.0090,d242: 0.0090,d130: 0.0089,d200: 0.0088,d92: 0.0087,d17: 0.0085,d93: 0.0085,d254: 0.0081,d25: 0.0080,d257: 0.0079,d136: 0.0078,d194: 0.0076,d197: 0.0075,d121: 0.0075,d125: 0.0072,d51: 0.0070,d258: 0.0067,d234: 0.0067,d161: 0.0067,d175: 0.0066,d109: 0.0058,d220: 0.0056,d179: 0.0056,d293: 0.0055,d39: 0.0054,d80: 0.0053,d40: 0.0053,d158: 0.0052,d153: 0.0047,d192: 0.0045,d300: 0.0044,d281: 0.0044,d75: 0.0043,d317: 0.0043,d272: 0.0043,d135: 0.0042,d83: 0.0041,d56: 0.0041,d266: 0.0040,d207: 0.0040,d177: 0.0040,d215: 0.0038,d321: 0.0038,d269: 0.0038,d160: 0.0037,d126: 0.0036,d89: 0.0035,d188: 0.0035,d06: 0.0034,d286: 0.0032,d305: 0.0032,d77: 0.0032,d79: 0.0032,d100: 0.0031,d149: 0.0031,d94: 0.0031,d123: 0.0028,d203: 0.0025
q31 d150: 0.0657,d268: 0.0573,d174: 0.0533,d291: 0.0450,d128: 0.0395,d121: 0.0285,d14: 0.0207,d330: 0.0165,d50: 0.0158,d195: 0.0143,d209: 0.0138,d306: 0.0133,d272: 0.0133,d266: 0.0126,d223: 0.0121,d92: 0.0102,d79: 0.0099,d17: 0.0089,d228: 0.0088,d236: 0.0086,d102: 0.0082,d227: 0.0081,d07: 0.0078,d91: 0.0077,d311: 0.0076,d88: 0.0073,d192: 0.0071,d177: 0.0070,d159: 0.0068,d156: 0.0067,d78: 0.0067,d122: 0.0065,d23: 0.0064,d56: 0.0064,d140: 0.0063,d99: 0.0062,d309: 0.0061,d297: 0.0061,d130: 0.0059,d04: 0.0058,d12: 0.0056,d27: 0.0054,d137: 0.0053,d115: 0.0053,d36: 0.0052,d161: 0.0052,d105: 0.0051,d77: 0.0050,d210: 0.0049,d87: 0.0049,d162: 0.0049,d55: 0.0048,d94: 0.0048,d189: 0.0046,d249: 0.0046,d257: 0.0045,d316: 0.0044,d199: 0.0044,d157: 0.0042,d39: 0.0042,d263: 0.0041,d158: 0.0041,d294: 0.0040,d175: 0.0038,d184: 0.0036,d260: 0.0035
q32 d298: 0.4519,d314: 0.0371,d125: 0.0334,d218: 0.0313,d174: 0.0299,d48: 0.0272,d224: 0.0241,d208: 0.0238,d216: 0.0231,d241: 0.0219,d203: 0.0199,d69: 0.0167,d227: 0.0160,d156: 0.0147,d168: 0.0138,d276: 0.0133,d202: 0.0129,d62: 0.0128,d280: 0.0128,d43: 0.0125,d84: 0.0110,d252: 0.0107,d155: 0.0103,d146: 0.0102,d195: 0.0099,d10: 0.0099,d260: 0.0099,d222: 0.0094,d122: 0.0093,d264: 0.0091,d196: 0.0085,d61: 0.0085,d248: 0.0084,d268: 0.0084,d215: 0.0083,d148: 0.0081,d114: 0.0081,d207: 0.0078,d327: 0.0076,d300: 0.0075,d89: 0.0074,d78: 0.0073,d83: 0.0070,d119: 0.0069,d41: 0.0068,d273: 0.0067,d265: 0.0066,d312: 0.0064,d76: 0.0064,d144: 0.0063,d126: 0.0061,d116: 0.0061,d99: 0.0061,d236: 0.0060,d188: 0.0059,d191: 0.0059,d167: 0.0057,d161: 0.0056,d256: 0.0056,d286: 0.0055,d07: 0.0054,d198: 0.0052,d24: 0.0050,d259: 0.0050,d163: 0.0050,d299: 0.0050,d22: 0.0049,d210: 0.0048,d128: 0.0048,d73: 0.0047,d49: 0.0046,d118: 0.0046,d08: 0.0045,d70: 0.0044,d72: 0.0044,d211: 0.0043,d100: 0.0042,d170: 0.0042,d258: 0.0042,d277: 0.0041,d247: 0.0040,d81: 0.0039,d257: 0.0039,d159: 0.0039,d320: 0.0039,d111: 0.0038,d01: 0.0038,d303: 0.0037,d06: 0.0037,d175: 0.0037,d154: 0.0037,d251: 0.0035,d255: 0.0035,d55: 0.0033,d103: 0.0032,d249: 0.0032,d285: 0.0031,d283: 0.0031,d123: 0.0030,d20: 0.0030,d92: 0.0029,d157: 0.0029,d221: 0.0029,d33: 0.0029,d87: 0.0028,d245: 0.0028,d201: 0.0027,d328: 0.0025,d40: 0.0024,d91: 0.0022,d11: 0.0022,d261: 0.0022,d110: 0.0022,d319: 0.0021,d88: 0.0021,d270: 0.0021,d172: 0.0020,d28: 0.0020,d135: 0.0019,d292: 0.0019,d65: 0.0018,d23: 0.0018,d279: 0.0018,d56: 0.0018,d267: 0.0018,d60: 0.0018,d71: 0.0018,d309: 0.0018,d37: 0.0018,d131: 0.0017,d177: 0.0016,d180: 0.0016,d18: 0.0016,d235: 0.0016,d51: 0.0016,d108: 0.0015,d53: 0.0015,d137: 0.0015,d32: 0.0015,d14: 0.0015,d105: 0.0015,d85: 0.0014,d214: 0.0013,d189: 0.0013,d68: 0.0013,d182: 0.0013,d316: 0.0013,d304: 0.0012,d158: 0.0012,d143: 0.0012,d294: 0.0011,d98: 0.0011,d184: 0.0010
q33 d105: 0.1186,d29: 0.1084,d239: 0.1006,d164: 0.0605,d185: 0.0603,d254: 0.0470,d85: 0.0442,d246: 0.0432,d314: 0.0346,d126: 0.0329,d193: 0.0270,d182: 0.0214,d67: 0.0200,d59: 0.0197,d60: 0.0180,d117: 0.0180,d71: 0.0179,d170: 0.0177,d167: 0.0176,d215: 0.0175,d46: 0.0162,d73: 0.0159,d191: 0.0157,d271: 0.0154,d16: 0.0150,d181: 0.0148,d325: 0.0148,d267: 0.0147,d305: 0.0145,d252: 0.0144,d130: 0.0141,d42: 0.0133,d278: 0.0128,d304: 0.0126,d139: 0.0123,d55: 0.0115,d203: 0.0113,d184: 0.0104,d262: 0.0102,d03: 0.0094,d48: 0.0077,d177: 0.0056
q34 d105: 0.1554,d85: 0.0748,d126: 0.0701,d185: 0.0571,d170: 0.0377,d164: 0.0375,d302: 0.0335,d254: 0.0296,d188: 0.0248,d204: 0.0207,d162: 0.0187,d252: 0.0155,d100: 0.0152,d55: 0.0149,d101: 0.0133,d324: 0.0128,d90: 0.0128,d03: 0.0126,d16: 0.0122,d305: 0.0119,d42: 0.0109,d118: 0.0107,d304: 0.0103,d74: 0.0096,d267: 0.0093,d223: 0.0091,d184: 0.0085,d225: 0.0083,d285: 0.0082,d283: 0.0081,d152: 0.0077,d149: 0.0073,d38: 0.0069,d109: 0.0068,d15: 0.0067,d228: 0.0067,d316: 0.0066,d143: 0.0061,d91: 0.0058,d54: 0.0054,d260: 0.0052,d81: 0.0051,d67: 0.0051,d306: 0.0050,d171: 0.0049,d271: 0.0049,d62: 0.0048,d325: 0.0047,d215: 0.0045,d76: 0.0044,d34: 0.0044,d322: 0.0043,d103: 0.0042,d330: 0.0041,d73: 0.0041,d147: 0.0039,d10: 0.0038,d200: 0.0038,d79: 0.0037,d138: 0.0037,d26: 0.0037,d93: 0.0037,d179: 0.0033,d262: 0.0032,d168: 0.0032,d39: 0.0032,d251: 0.0031,d158: 0.0031,d136: 0.0030,d294: 0.0030,d175: 0.0029
q35 d145: 0.1807,d13: 0.1076,d321: 0.1001,d122: 0.0967,d133: 0.0892,d121: 0.0770,d81: 0.0675,d91: 0.0673,d93: 0.0643,d30: 0.0601,d66: 0.0593,d125: 0.0585,d156: 0.0569,d41: 0.0557,d117: 0.0539,d02: 0.0497,d247: 0.0495,d144: 0.0486,d82: 0.0475,d05: 0.0474,d180: 0.0451,d22: 0.0438,d94: 0.0413,d136: 0.0399,d280: 0.0386,d219: 0.0375,d23: 0.0368,d314: 0.0355,d142: 0.0350,d75: 0.0348,d188: 0.0342,d62: 0.0329,d88: 0.0310,d130: 0.0306,d209: 0.0302,d277: 0.0293,d171: 0.0274,d242: 0.0226,d105: 0.0215,d104: 0.0213,d77: 0.0213,d09: 0.0210,d150: 0.0206,d25: 0.0201,d179: 0.0191,d147: 0.0187,d139: 0.0184,d97: 0.0181,d181: 0.0176,d319: 0.0161,d153: 0.0156,d115: 0.0149,d174: 0.0149,d288: 0.0147,d246: 0.0132,d178: 0.0128,d215: 0.0126,d275: 0.0115,d238: 0.0112,d16: 0.0112,d152: 0.0108,d100: 0.0107,d110: 0.0107,d308: 0.0103,d192: 0.0100,d194: 0.0098,d90: 0.0090,d157: 0.0089,d168: 0.0089,d131: 0.0084,d89: 0.0077,d143: 0.0076,d254: 0.0076,d293: 0.0069,d190: 0.0068,d52: 0.0062,d177: 0.0051
