q01	d170:0.0845,d85:0.0752,d254:0.0548,d16:0.0499,d186:0.0388,d153:0.0351,d209:0.0343,d215:0.0314,d60:0.0299,d185:0.0281,d100:0.0274,d82:0.0265,d06:0.0258,d243:0.0255,d255:0.0235,d99:0.0226,d59:0.0185,d312:0.0184,d65:0.0178,d299:0.0175,d273:0.0174,d329:0.0172,d315:0.0166,d28:0.0163,d317:0.0159,d04:0.0158,d311:0.0158,d212:0.0154,d284:0.0150,d265:0.0149,d94:0.0148,d195:0.0144,d130:0.0143,d152:0.0141,d164:0.0138,d136:0.0137,d281:0.0136,d74:0.0135,d172:0.0133,d184:0.0133,d162:0.0132,d39:0.0131,d38:0.0131,d316:0.0123,d229:0.0122,d116:0.0119,d234:0.0119,d179:0.0117
q02	d147:0.1211,d149:0.0898,d283:0.0777,d293:0.0663,d291:0.0661,d136:0.0590,d37:0.0542,d02:0.0515,d14:0.0500,d282:0.0440,d316:0.0356,d52:0.0348,d39:0.0343,d294:0.0302,d318:0.0233,d23:0.0222,d143:0.0215,d103:0.0203,d134:0.0199,d187:0.0191,d166:0.0182,d107:0.0181,d306:0.0175,d128:0.0174,d51:0.0170,d150:0.0162,d139:0.0160,d145:0.0159,d296:0.0158,d211:0.0149,d222:0.0148,d117:0.0148,d17:0.0147,d124:0.0146,d106:0.0143,d142:0.0142,d268:0.0142,d287:0.0139,d164:0.0139,d58:0.0135,d119:0.0135,d252:0.0134,d290:0.0128,d254:0.0127,d160:0.0127,d250:0.0125,d248:0.0122,d47:0.0121,d185:0.0120,d20:0.0119,d137:0.0118,d173:0.0118,d320:0.0117,d131:0.0116,d121:0.0115,d234:0.0114,d108:0.0113,d227:0.0112,d197:0.0112,d246:0.0110,d237:0.0107,d46:0.0105,d44:0.0104,d31:0.0101,d243:0.0098,d300:0.0097,d18:0.0097,d307:0.0097,d172:0.0096,d238:0.0095,d83:0.0090,d151:0.0090,d202:0.0090,d68:0.0089,d260:0.0086,d158:0.0084,d98:0.0084,d130:0.0082,d210:0.0081,d144:0.0081,d22:0.0079,d264:0.0078,d263:0.0078,d116:0.0077,d42:0.0077,d305:0.0076,d179:0.0075,d154:0.0075,d21:0.0074,d229:0.0074,d239:0.0072,d206:0.0070,d07:0.0070,d251:0.0069,d82:0.0068,d54:0.0068,d140:0.0065,d122:0.0064,d212:0.0063,d245:0.0063,d05:0.0061,d62:0.0061,d308:0.0060,d242:0.0059,d221:0.0056,d269:0.0055,d215:0.0055,d228:0.0055,d180:0.0054,d64:0.0054,d120:0.0053,d225:0.0053,d133:0.0052,d63:0.0052,d10:0.0052,d153:0.0052,d257:0.0051,d262:0.0051,d327:0.0051,d319:0.0050,d204:0.0050,d323:0.0048,d29:0.0048,d200:0.0048,d118:0.0047,d186:0.0047,d255:0.0047,d77:0.0046,d218:0.0045,d324:0.0045,d271:0.0045,d19:0.0043,d298:0.0043,d129:0.0043,d230:0.0041,d40:0.0040,d224:0.0039,d55:0.0039,d236:0.0039,d43:0.0038,d70:0.0037,d50:0.0037,d232:0.0036,d45:0.0036,d105:0.0036,d219:0.0035,d273:0.0034,d01:0.0033,d198:0.0033,d141:0.0033,d322:0.0032,d317:0.0031,d309:0.0031,d190:0.0031,d233:0.0031,d297:0.0030,d101:0.0030,d226:0.0030,d284:0.0030,d126:0.0030,d277:0.0030,d102:0.0029,d161:0.0029,d61:0.0029,d163:0.0029,d278:0.0029,d285:0.0029,d313:0.0029,d279:0.0029,d216:0.0028,d04:0.0028,d314:0.0028,d205:0.0027,d302:0.0027,d79:0.0027,d281:0.0027,d266:0.0026,d196:0.0026,d191:0.0026,d214:0.0026,d330:0.0025,d286:0.0025,d67:0.0025,d152:0.0025,d24:0.0025,d80:0.0024,d188:0.0024,d249:0.0024,d244:0.0024,d304:0.0024,d184:0.0023,d328:0.0023,d194:0.0023,d162:0.0023,d85:0.0023,d203:0.0022,d03:0.0022
q03	d283:0.0727,d291:0.0663,d147:0.0572,d318:0.0551,d152:0.0513,d105:0.0467
q04	d270:0.1238,d19:0.1187,d310:0.1017,d49:0.0987,d275:0.0884,d10:0.0844,d289:0.0655,d286:0.0555,d330:0.0431,d100:0.0419,d184:0.0385,d13:0.0190,d130:0.0178,d60:0.0176,d252:0.0170,d205:0.0169,d93:0.0166,d213:0.0157,d314:0.0156,d81:0.0149,d296:0.0149,d306:0.0145,d91:0.0141,d110:0.0141,d142:0.0137,d300:0.0135,d199:0.0134,d312:0.0133,d46:0.0131,d208:0.0130,d246:0.0127,d75:0.0125,d82:0.0124,d308:0.0124,d133:0.0120,d121:0.0118,d303:0.0118,d111:0.0115,d114:0.0113,d196:0.0111,d71:0.0111,d230:0.0110,d48:0.0109,d251:0.0109,d262:0.0108,d122:0.0107,d268:0.0105,d292:0.0105,d216:0.0105,d298:0.0102,d05:0.0102,d124:0.0101,d30:0.0100,d01:0.0099,d117:0.0096,d41:0.0096,d307:0.0091,d264:0.0090,d198:0.0089,d160:0.0088,d50:0.0088,d61:0.0088,d89:0.0088,d113:0.0087,d259:0.0085,d193:0.0085,d108:0.0083,d20:0.0083,d279:0.0082,d212:0.0081,d180:0.0081,d248:0.0079,d261:0.0078,d227:0.0078,d271:0.0077,d40:0.0075,d250:0.0075,d88:0.0074,d87:0.0074,d119:0.0074,d164:0.0072,d226:0.0071,d194:0.0069,d163:0.0069,d131:0.0067,d73:0.0066,d192:0.0065,d125:0.0064,d263:0.0064,d269:0.0063,d18:0.0063,d301:0.0063,d63:0.0061,d280:0.0061,d253:0.0061,d327:0.0060,d319:0.0060,d55:0.0059,d136:0.0057,d29:0.0056,d126:0.0056,d265:0.0055,d175:0.0055,d23:0.0053,d215:0.0052,d241:0.0051,d09:0.0051,d266:0.0050,d214:0.0049,d145:0.0048,d189:0.0048,d257:0.0047,d238:0.0046,d21:0.0046,d276:0.0045,d304:0.0045,d22:0.0044,d234:0.0044,d39:0.0043,d52:0.0040,d200:0.0039,d255:0.0038,d274:0.0038,d210:0.0037,d219:0.0035,d106:0.0033,d06:0.0033,d112:0.0032,d181:0.0032,d129:0.0031,d47:0.0031,d197:0.0030,d209:0.0030,d70:0.0029,d58:0.0029,d102:0.0029,d232:0.0029,d242:0.0028,d143:0.0028,d221:0.0028,d290:0.0028,d237:0.0028,d302:0.0027,d37:0.0027,d206:0.0027,d225:0.0026,d191:0.0026,d54:0.0026,d120:0.0026,d59:0.0026,d217:0.0026,d12:0.0026,d291:0.0025,d44:0.0025,d14:0.0025,d207:0.0025,d24:0.0025,d31:0.0025,d249:0.0024,d92:0.0024,d62:0.0023,d202:0.0023,d278:0.0023,d235:0.0022,d32:0.0022,d147:0.0022,d151:0.0022,d79:0.0021,d123:0.0021,d144:0.0021,d98:0.0020,d27:0.0020,d42:0.0020,d229:0.0019,d43:0.0019,d294:0.0019,d66:0.0018,d174:0.0018,d95:0.0018,d07:0.0017,d86:0.0017,d295:0.0017,d69:0.0017,d28:0.0016,d104:0.0016,d51:0.0016,d08:0.0016,d166:0.0016,d331:0.0016,d65:0.0016,d247:0.0015,d211:0.0015,d36:0.0015,d186:0.0015,d156:0.0014,d287:0.0014,d146:0.0014,d56:0.0014,d231:0.0013,d76:0.0013,d254:0.0013,d260:0.0013,d115:0.0013,d38:0.0013,d195:0.0013,d168:0.0012,d183:0.0012,d80:0.0012,d118:0.0011,d203:0.0011,d256:0.0011,d03:0.0011,d324:0.0011,d293:0.0011,d179:0.0010,d177:0.0010
q06	d329:0.2327,d297:0.2205,d26:0.1538,d29:0.1137,d257:0.0940,d233:0.0939,d25:0.0927,d69:0.0674,d166:0.0451,d154:0.0412,d23:0.0407,d186:0.0391,d77:0.0386,d04:0.0366,d302:0.0361,d12:0.0337,d208:0.0313,d21:0.0277,d139:0.0259,d134:0.0245,d104:0.0230,d319:0.0228,d170:0.0228,d211:0.0220,d212:0.0219,d128:0.0219,d265:0.0212,d61:0.0208,d34:0.0207,d60:0.0200,d79:0.0194,d18:0.0191,d98:0.0184,d41:0.0184,d87:0.0180,d262:0.0178,d193:0.0175,d33:0.0167,d03:0.0159,d303:0.0159
q07	d146:0.1223,d04:0.1066,d289:0.0677,d262:0.0498,d34:0.0492,d123:0.0491,d155:0.0473,d98:0.0450,d42:0.0438,d211:0.0437,d287:0.0409,d151:0.0405,d266:0.0400,d149:0.0399,d247:0.0384,d44:0.0370,d113:0.0358,d117:0.0356,d234:0.0355,d165:0.0352,d284:0.0347,d282:0.0345,d253:0.0301,d140:0.0291,d139:0.0281,d153:0.0255,d11:0.0255,d57:0.0253,d83:0.0231,d255:0.0230,d252:0.0219,d115:0.0203,d271:0.0201,d301:0.0197,d87:0.0196,d137:0.0193,d143:0.0190,d88:0.0183,d305:0.0183,d33:0.0182,d31:0.0181,d200:0.0176,d163:0.0169,d157:0.0165,d158:0.0163,d60:0.0163,d129:0.0158,d323:0.0137,d263:0.0126
q08	d110:0.1514,d251:0.1328,d117:0.1232,d108:0.1034,d05:0.1025,d28:0.0819,d271:0.0786,d246:0.0780,d292:0.0681,d205:0.0592,d115:0.0529,d30:0.0507,d121:0.0471,d70:0.0449,d125:0.0417,d89:0.0417,d130:0.0383,d211:0.0379,d312:0.0369,d75:0.0354,d208:0.0340,d304:0.0303,d180:0.0280,d106:0.0268,d104:0.0256,d198:0.0220,d19:0.0218,d269:0.0214,d44:0.0188,d151:0.0180,d192:0.0158,d142:0.0152,d232:0.0150,d253:0.0150,d59:0.0149,d210:0.0145,d93:0.0145,d88:0.0145,d213:0.0144,d74:0.0143,d40:0.0139,d82:0.0136,d96:0.0134,d270:0.0130,d124:0.0129,d91:0.0128,d122:0.0127,d215:0.0126,d195:0.0122,d69:0.0121,d202:0.0121,d65:0.0114,d39:0.0110,d85:0.0108,d197:0.0108,d43:0.0101,d254:0.0097,d281:0.0093,d55:0.0090,d224:0.0090,d26:0.0089,d193:0.0084,d280:0.0084,d138:0.0082,d303:0.0081,d323:0.0081,d329:0.0079,d62:0.0078,d54:0.0076,d153:0.0075,d112:0.0075,d241:0.0074,d97:0.0074,d263:0.0074,d71:0.0074,d291:0.0074,d327:0.0073,d140:0.0072,d29:0.0069,d103:0.0069,d226:0.0068,d102:0.0068,d282:0.0067,d218:0.0066,d06:0.0066,d242:0.0066,d45:0.0066,d221:0.0064,d60:0.0064,d119:0.0064,d311:0.0064,d127:0.0064,d290:0.0063,d81:0.0062,d37:0.0061,d268:0.0061,d275:0.0061,d266:0.0060,d155:0.0060,d196:0.0059,d63:0.0059,d330:0.0059,d257:0.0057,d168:0.0057,d08:0.0057,d207:0.0057,d126:0.0054,d258:0.0053,d227:0.0053,d278:0.0052,d113:0.0052,d109:0.0051,d99:0.0051,d216:0.0050,d223:0.0050,d157:0.0049,d123:0.0048,d179:0.0047,d199:0.0047,d250:0.0047,d148:0.0046,d133:0.0045,d139:0.0045,d201:0.0045,d09:0.0045,d236:0.0045,d24:0.0044,d46:0.0044,d80:0.0044,d22:0.0044,d264:0.0043,d288:0.0043,d274:0.0043,d50:0.0042,d118:0.0041,d13:0.0041,d235:0.0040,d95:0.0040,d237:0.0040,d219:0.0040,d240:0.0039,d301:0.0038,d01:0.0038,d35:0.0037,d135:0.0037,d170:0.0036,d209:0.0034,d294:0.0034,d200:0.0034,d296:0.0034,d83:0.0034,d255:0.0033,d308:0.0033,d287:0.0033,d320:0.0032,d131:0.0032,d78:0.0032,d73:0.0031,d325:0.0031,d79:0.0031,d129:0.0031,d76:0.0030,d38:0.0029,d286:0.0029,d87:0.0029,d42:0.0028,d182:0.0028,d164:0.0028,d15:0.0027,d305:0.0027,d203:0.0025,d316:0.0025,d190:0.0022
q09	d198:0.1531,d199:0.1267,d223:0.0968,d177:0.0939,d217:0.0921,d220:0.0637,d205:0.0611,d69:0.0362,d312:0.0273,d68:0.0266,d233:0.0259,d211:0.0259,d186:0.0251,d330:0.0249,d219:0.0233,d299:0.0232,d52:0.0231,d65:0.0209,d16:0.0209,d21:0.0205,d116:0.0200,d256:0.0188,d231:0.0179,d172:0.0177,d38:0.0173,d41:0.0171,d89:0.0169,d169:0.0166,d162:0.0155,d86:0.0144,d81:0.0144,d71:0.0135,d08:0.0133,d122:0.0130,d29:0.0127,d202:0.0124,d78:0.0118,d73:0.0117,d272:0.0115,d268:0.0112,d214:0.0110,d115:0.0110,d286:0.0106,d87:0.0106,d10:0.0106,d257:0.0105,d193:0.0103,d234:0.0099,d323:0.0099,d328:0.0098,d194:0.0098,d175:0.0097,d85:0.0095,d251:0.0089,d294:0.0080
q10	d231:0.0691,d60:0.0652,d100:0.0597,d36:0.0244,d52:0.0167,d34:0.0167,d31:0.0152,d72:0.0146,d91:0.0139,d215:0.0138,d233:0.0137,d314:0.0135,d79:0.0133,d68:0.0130,d281:0.0129,d285:0.0128,d170:0.0123,d30:0.0122,d221:0.0119,d92:0.0119,d305:0.0112,d142:0.0111,d69:0.0111,d99:0.0110,d124:0.0106,d295:0.0103,d85:0.0100,d235:0.0100,d40:0.0099,d35:0.0098,d42:0.0097,d114:0.0097,d122:0.0093,d294:0.0093,d288:0.0093,d212:0.0092,d258:0.0090,d282:0.0089,d76:0.0089,d220:0.0087,d113:0.0087,d279:0.0087,d64:0.0083,d201:0.0083,d246:0.0083,d93:0.0080,d59:0.0080,d217:0.0079,d327:0.0079,d44:0.0078,d330:0.0077,d109:0.0075,d117:0.0075,d24:0.0074,d244:0.0073,d48:0.0073,d202:0.0072,d308:0.0072,d194:0.0070,d118:0.0069,d20:0.0068,d263:0.0065,d254:0.0065,d260:0.0065,d165:0.0063,d12:0.0063,d41:0.0063,d10:0.0061,d26:0.0060,d125:0.0059,d256:0.0054,d179:0.0050,d177:0.0050,d198:0.0044,d151:0.0039,d77:0.0039,d313:0.0038,d58:0.0033,d154:0.0032,d192:0.0031,d323:0.0031,d329:0.0031,d167:0.0031,d268:0.0030,d01:0.0030,d159:0.0030,d54:0.0029,d283:0.0029,d57:0.0029,d322:0.0029,d71:0.0029,d65:0.0028,d152:0.0028,d137:0.0028,d21:0.0027,d29:0.0027,d216:0.0025,d205:0.0025,d223:0.0025,d271:0.0025,d325:0.0024,d18:0.0024,d172:0.0024,d230:0.0023,d214:0.0023,d132:0.0023,d130:0.0022,d09:0.0022,d168:0.0022,d289:0.0022,d310:0.0022,d22:0.0022,d264:0.0021,d15:0.0021,d328:0.0021,d232:0.0021,d280:0.0021,d45:0.0021,d259:0.0020,d66:0.0020,d174:0.0020,d95:0.0020,d203:0.0020,d303:0.0020,d237:0.0020,d219:0.0020,d299:0.0020,d273:0.0019,d316:0.0019,d86:0.0019,d110:0.0019,d81:0.0019,d240:0.0019,d301:0.0019,d248:0.0019,d63:0.0019,d141:0.0018,d135:0.0018,d312:0.0018,d97:0.0018,d291:0.0018,d319:0.0018,d307:0.0018,d204:0.0018,d14:0.0018,d190:0.0018,d331:0.0018,d247:0.0018,d211:0.0017,d209:0.0017,d101:0.0017,d126:0.0017,d255:0.0017,d171:0.0017,d61:0.0016,d173:0.0016,d218:0.0016,d146:0.0016,d23:0.0016,d320:0.0016,d131:0.0016,d56:0.0016,d17:0.0016,d73:0.0016,d129:0.0015,d74:0.0015,d107:0.0015,d144:0.0015,d250:0.0015,d115:0.0015,d27:0.0014,d148:0.0014,d133:0.0014,d25:0.0014,d257:0.0014,d262:0.0014,d55:0.0014,d16:0.0014,d185:0.0014,d46:0.0014,d80:0.0014,d193:0.0014,d249:0.0014,d229:0.0014,d136:0.0014,d138:0.0014,d234:0.0013,d39:0.0013,d175:0.0013,d03:0.0013,d324:0.0012,d241:0.0012,d293:0.0012,d251:0.0012,d199:0.0012
q12	d277:0.1723,d258:0.1296,d176:0.0802,d239:0.0777,d250:0.0767,d301:0.0627,d132:0.0578,d138:0.0568,d96:0.0563,d302:0.0502,d81:0.0369,d102:0.0339,d12:0.0338,d15:0.0316,d129:0.0312,d10:0.0289,d156:0.0247,d34:0.0247,d56:0.0240,d78:0.0239,d141:0.0237,d191:0.0224,d184:0.0201,d280:0.0197,d295:0.0185,d190:0.0170,d297:0.0163,d60:0.0151,d76:0.0144,d169:0.0134,d182:0.0132,d143:0.0132,d21:0.0132,d229:0.0131,d235:0.0121,d150:0.0119
q13	d277:0.0828,d49:0.0810,d219:0.0778,d239:0.0747,d56:0.0733,d276:0.0526,d258:0.0497,d222:0.0473,d272:0.0430,d205:0.0397,d55:0.0369,d271:0.0365,d317:0.0340,d309:0.0340,d194:0.0336,d70:0.0328,d42:0.0304,d303:0.0299,d286:0.0297,d43:0.0294,d241:0.0292,d99:0.0281,d40:0.0273,d221:0.0272,d126:0.0269,d285:0.0261,d26:0.0242,d47:0.0241,d288:0.0237,d60:0.0222,d297:0.0215,d165:0.0207,d262:0.0203,d15:0.0191,d311:0.0190,d292:0.0190,d289:0.0181,d310:0.0179,d245:0.0172,d87:0.0172,d136:0.0171,d269:0.0167,d19:0.0165,d183:0.0163,d161:0.0161,d100:0.0159,d290:0.0152,d190:0.0151,d249:0.0148,d305:0.0146,d237:0.0146,d248:0.0145,d50:0.0142,d200:0.0141,d157:0.0139,d142:0.0138,d130:0.0131,d37:0.0130,d162:0.0129,d129:0.0126,d138:0.0125,d274:0.0124,d02:0.0124,d243:0.0122,d61:0.0121,d119:0.0120,d189:0.0120,d13:0.0117,d174:0.0117,d124:0.0117,d18:0.0115,d164:0.0114,d22:0.0113,d329:0.0113,d281:0.0113,d313:0.0110,d75:0.0110,d139:0.0109,d159:0.0109,d59:0.0107,d135:0.0107,d28:0.0107,d312:0.0107,d259:0.0106,d51:0.0106,d235:0.0105,d88:0.0104,d79:0.0103,d150:0.0103,d46:0.0102,d122:0.0102,d263:0.0100,d240:0.0100,d191:0.0100,d246:0.0100,d171:0.0097,d179:0.0096,d253:0.0096,d270:0.0093,d244:0.0092,d304:0.0092,d212:0.0090,d141:0.0089,d72:0.0088,d123:0.0088,d94:0.0086,d113:0.0085,d156:0.0085,d148:0.0084,d96:0.0083,d257:0.0082,d147:0.0082,d182:0.0081,d74:0.0079,d323:0.0077,d250:0.0077,d33:0.0077,d98:0.0076,d280:0.0076,d12:0.0076,d16:0.0073,d324:0.0072,d193:0.0072,d118:0.0068,d256:0.0066,d07:0.0061,d318:0.0060,d103:0.0052,d58:0.0051,d173:0.0050,d17:0.0048,d215:0.0048,d228:0.0048,d180:0.0047,d64:0.0047,d107:0.0046,d225:0.0046,d63:0.0045,d153:0.0045,d327:0.0044,d319:0.0044,d204:0.0043,d143:0.0042,d211:0.0042,d128:0.0042,d117:0.0042,d29:0.0041,d186:0.0041,d255:0.0040,d77:0.0040,d287:0.0039,d218:0.0039,d298:0.0037,d172:0.0036,d158:0.0036,d230:0.0036,d224:0.0034,d236:0.0034,d185:0.0034,d145:0.0032,d234:0.0032,d227:0.0032,d232:0.0032,d45:0.0031,d105:0.0031,d273:0.0030,d316:0.0030,d306:0.0030,d106:0.0029,d52:0.0029,d01:0.0029,d198:0.0029,d322:0.0028,d291:0.0028,d300:0.0028,d307:0.0027,d14:0.0027,d166:0.0027,d238:0.0027,d233:0.0027,d101:0.0026,d226:0.0026,d284:0.0026,d160:0.0026,d83:0.0026,d202:0.0025,d102:0.0025,d149:0.0025,d163:0.0025,d278:0.0025,d279:0.0025,d23:0.0025,d216:0.0024,d20:0.0024,d04:0.0024,d314:0.0024,d302:0.0024,d121:0.0023,d210:0.0023,d266:0.0023,d144:0.0023,d197:0.0023,d196:0.0023,d214:0.0023,d330:0.0022,d67:0.0022,d152:0.0021,d24:0.0021,d80:0.0021,d188:0.0021,d21:0.0021,d229:0.0021,d184:0.0020,d328:0.0020,d85:0.0020,d203:0.0019,d03:0.0019,d293:0.0019,d134:0.0019,d294:0.0016
q14	d145:0.1151,d142:0.0939,d81:0.0783,d247:0.0732,d242:0.0672,d121:0.0652,d30:0.0618,d93:0.0605,d41:0.0564,d133:0.0541,d82:0.0515,d02:0.0504,d22:0.0501,d91:0.0485,d117:0.0474,d125:0.0474,d144:0.0473,d180:0.0472,d136:0.0471,d05:0.0459,d209:0.0458,d280:0.0451,d75:0.0436,d94:0.0404,d62:0.0385,d25:0.0381,d122:0.0363,d314:0.0362,d130:0.0329,d104:0.0315,d69:0.0283,d52:0.0270,d115:0.0260,d89:0.0239,d181:0.0214,d312:0.0213,d68:0.0208,d233:0.0203,d211:0.0203,d174:0.0199,d277:0.0198,d186:0.0196,d330:0.0195,d219:0.0182,d299:0.0181,d238:0.0174,d308:0.0164,d65:0.0164,d16:0.0163,d21:0.0161,d288:0.0160,d116:0.0156,d256:0.0147,d192:0.0146,d223:0.0144,d110:0.0144,d231:0.0140,d172:0.0138,d143:0.0136,d97:0.0136,d38:0.0136,d169:0.0130,d162:0.0121,d293:0.0121,d23:0.0119,d131:0.0119,d147:0.0116,d86:0.0113,d254:0.0111,d198:0.0110,d71:0.0106,d08:0.0104,d29:0.0100,d202:0.0097,d78:0.0092,d73:0.0091,d205:0.0091,d272:0.0090,d268:0.0088,d214:0.0086,d286:0.0083,d87:0.0083,d10:0.0083,d257:0.0082,d193:0.0081,d234:0.0078,d323:0.0077,d328:0.0077,d194:0.0077,d175:0.0076,d85:0.0075,d251:0.0070,d294:0.0063
q16	d184:0.1154,d132:0.1133,d250:0.0941,d277:0.0890,d176:0.0889,d239:0.0623,d81:0.0612,d229:0.0572,d95:0.0518,d279:0.0420,d156:0.0410,d34:0.0409,d150:0.0400,d56:0.0398,d96:0.0398,d78:0.0396,d191:0.0370,d236:0.0361,d24:0.0361,d280:0.0326,d86:0.0316,d329:0.0316,d306:0.0315,d295:0.0306,d158:0.0305,d301:0.0302,d97:0.0297,d71:0.0295,d190:0.0281,d83:0.0272,d77:0.0271,d297:0.0271,d147:0.0255,d60:0.0249,d231:0.0247,d254:0.0244,d165:0.0239,d76:0.0238,d133:0.0233,d152:0.0229,d169:0.0222,d182:0.0219,d143:0.0218,d21:0.0218,d138:0.0215,d235:0.0201,d293:0.0199,d49:0.0195
q17	d121:0.1800,d271:0.1663,d91:0.0900,d288:0.0523,d146:0.0501,d171:0.0377,d24:0.0352,d122:0.0338,d183:0.0317,d03:0.0242,d289:0.0213,d66:0.0198,d252:0.0193,d239:0.0192,d299:0.0191,d106:0.0186,d74:0.0185,d172:0.0182,d148:0.0175,d30:0.0174,d137:0.0170,d188:0.0169,d163:0.0160,d250:0.0144,d130:0.0139,d262:0.0137,d316:0.0119
q18	d192:0.3464,d194:0.1916,d210:0.1469,d201:0.1423,d207:0.1319,d230:0.1268,d216:0.1152,d209:0.1012,d222:0.0949,d111:0.0909,d223:0.0820,d203:0.0811,d55:0.0546,d322:0.0515,d208:0.0506,d197:0.0460,d204:0.0432,d198:0.0428,d61:0.0413,d200:0.0388,d215:0.0376,d191:0.0372,d202:0.0325,d163:0.0324,d301:0.0303,d142:0.0291,d217:0.0283,d211:0.0269,d122:0.0264,d227:0.0237,d221:0.0230,d219:0.0225,d224:0.0217,d304:0.0215,d276:0.0214,d193:0.0214,d53:0.0213,d109:0.0201,d303:0.0193,d296:0.0191,d279:0.0186,d72:0.0164,d212:0.0156,d214:0.0144,d266:0.0136,d260:0.0135,d58:0.0120,d174:0.0115,d220:0.0115,d206:0.0110,d246:0.0109,d248:0.0108,d160:0.0096,d78:0.0090,d302:0.0089,d268:0.0086,d172:0.0085,d275:0.0085,d98:0.0083,d27:0.0082,d330:0.0082,d137:0.0080,d164:0.0079,d235:0.0073,d271:0.0070,d52:0.0068
q19	d179:0.1727,d323:0.0474,d04:0.0432,d102:0.0398,d21:0.0378,d200:0.0319,d273:0.0306,d310:0.0263,d01:0.0256,d69:0.0253,d194:0.0247,d321:0.0220,d153:0.0218,d320:0.0216,d51:0.0214,d136:0.0213,d204:0.0212,d330:0.0211,d277:0.0198,d56:0.0192,d28:0.0191,d88:0.0186,d15:0.0183,d222:0.0174,d185:0.0165,d258:0.0155,d35:0.0153,d55:0.0146,d293:0.0144,d138:0.0142,d158:0.0139,d266:0.0124,d230:0.0122,d98:0.0120,d189:0.0120,d289:0.0114,d274:0.0112,d95:0.0105,d299:0.0102,d241:0.0101,d106:0.0099,d291:0.0094,d300:0.0094,d309:0.0093,d91:0.0092,d111:0.0091,d212:0.0090,d147:0.0082,d180:0.0081,d272:0.0080,d129:0.0080,d254:0.0078,d197:0.0078,d191:0.0077,d257:0.0074,d92:0.0072,d175:0.0068,d109:0.0066,d190:0.0058,d294:0.0056
q22	d258:0.1185,d277:0.1140,d11:0.1040,d239:0.0692,d56:0.0688,d331:0.0624,d266:0.0608,d49:0.0603,d297:0.0479,d149:0.0417,d327:0.0362,d184:0.0324,d229:0.0291,d145:0.0279,d138:0.0278,d10:0.0261,d286:0.0261,d100:0.0258,d135:0.0256,d319:0.0252,d04:0.0251,d317:0.0239,d247:0.0234,d132:0.0224,d20:0.0221,d164:0.0219,d240:0.0216,d176:0.0206,d330:0.0205,d72:0.0189,d183:0.0187,d64:0.0174,d121:0.0172,d03:0.0168,d157:0.0167,d152:0.0154,d127:0.0142,d147:0.0141,d07:0.0141,d299:0.0139,d86:0.0137,d69:0.0133,d153:0.0131,d140:0.0126,d190:0.0126,d92:0.0124,d233:0.0124,d116:0.0121,d146:0.0115,d98:0.0103,d55:0.0099,d305:0.0094,d328:0.0094,d280:0.0092,d320:0.0072,d321:0.0057,d137:0.0054,d188:0.0054,d182:0.0054,d101:0.0052,d252:0.0049,d223:0.0048,d298:0.0048,d74:0.0047,d107:0.0047,d213:0.0046,d25:0.0044,d42:0.0044,d22:0.0042,d150:0.0038,d241:0.0038,d329:0.0038,d81:0.0038,d267:0.0038,d206:0.0037,d246:0.0037,d35:0.0036,d217:0.0036,d322:0.0035,d177:0.0035,d181:0.0035,d71:0.0035,d291:0.0035,d300:0.0035,d65:0.0034,d212:0.0034,d209:0.0033,d160:0.0033,d77:0.0032,d102:0.0032,d163:0.0032,d287:0.0032,d218:0.0032,d242:0.0031,d23:0.0031,d32:0.0031,d216:0.0031,d73:0.0030,d325:0.0030,d231:0.0029,d210:0.0029,d268:0.0029,d93:0.0029,d76:0.0029,d144:0.0029,d260:0.0029,d197:0.0029,d250:0.0029,d214:0.0029,d115:0.0029,d222:0.0029,d94:0.0029,d89:0.0028,d133:0.0028,d257:0.0027,d169:0.0027,d24:0.0027,d46:0.0027,d193:0.0027,d143:0.0027,d249:0.0027,d136:0.0026,d304:0.0026,d323:0.0026,d167:0.0026,d162:0.0026,d85:0.0025,d105:0.0025,d283:0.0024,d48:0.0024,d293:0.0024,d134:0.0024,d251:0.0023,d199:0.0022,d139:0.0022,d294:0.0021
q23	d219:0.3720,d276:0.1302,d323:0.0360,d67:0.0190,d199:0.0184,d179:0.0161,d13:0.0160,d315:0.0148,d253:0.0146,d104:0.0144,d04:0.0138,d314:0.0137,d296:0.0133,d05:0.0133,d78:0.0125,d108:0.0123,d188:0.0121,d227:0.0121,d84:0.0121,d105:0.0118,d150:0.0115,d195:0.0114,d168:0.0111,d03:0.0110,d141:0.0108,d109:0.0100,d324:0.0098,d271:0.0098,d49:0.0095,d07:0.0033,d318:0.0032,d245:0.0029,d103:0.0028,d58:0.0027,d173:0.0027,d221:0.0026,d17:0.0026,d290:0.0026,d215:0.0026,d228:0.0026,d180:0.0025,d64:0.0025,d107:0.0025,d248:0.0025,d225:0.0025,d63:0.0024,d153:0.0024,d327:0.0024,d319:0.0023,d204:0.0023,d143:0.0023,d211:0.0023,d128:0.0023,d117:0.0022,d29:0.0022,d200:0.0022,d186:0.0022,d255:0.0022,d77:0.0022,d287:0.0021,d218:0.0021,d119:0.0021,d19:0.0020,d298:0.0020,d129:0.0020,d18:0.0020,d172:0.0020,d158:0.0019,d230:0.0019,d222:0.0019,d40:0.0019,d47:0.0018,d224:0.0018,d55:0.0018,d236:0.0018,d185:0.0018,d164:0.0018,d43:0.0018,d145:0.0017,d234:0.0017,d70:0.0017,d50:0.0017,d232:0.0017,d45:0.0017,d237:0.0016,d273:0.0016,d316:0.0016,d306:0.0016,d37:0.0016,d263:0.0016,d106:0.0016,d52:0.0016,d01:0.0016,d198:0.0016,d142:0.0015,d02:0.0015,d322:0.0015,d291:0.0015,d243:0.0015,d300:0.0015,d307:0.0015,d317:0.0015,d309:0.0015,d14:0.0015,d166:0.0015,d190:0.0015,d238:0.0014,d233:0.0014,d297:0.0014,d101:0.0014,d226:0.0014,d284:0.0014,d126:0.0014,d160:0.0014,d277:0.0014,d83:0.0014,d202:0.0014,d102:0.0014,d149:0.0014,d161:0.0014,d61:0.0013,d163:0.0013,d278:0.0013,d285:0.0013,d313:0.0013,d279:0.0013,d23:0.0013,d216:0.0013,d20:0.0013,d205:0.0013,d302:0.0013,d79:0.0013,d281:0.0013,d121:0.0013,d210:0.0012,d266:0.0012,d144:0.0012,d197:0.0012,d196:0.0012,d191:0.0012,d214:0.0012,d330:0.0012,d286:0.0012,d42:0.0012,d152:0.0012,d24:0.0011,d46:0.0011,d80:0.0011,d21:0.0011,d249:0.0011,d229:0.0011,d244:0.0011,d136:0.0011,d304:0.0011,d184:0.0011,d328:0.0011,d194:0.0011,d162:0.0011,d85:0.0011,d203:0.0010,d293:0.0010,d134:0.0010,d139:0.0009,d294:0.0009
q24	d213:0.1098,d219:0.0986,d198:0.0875,d129:0.0836,d276:0.0826,d211:0.0804,d202:0.0794,d210:0.0737,d199:0.0723,d224:0.0721,d223:0.0718,d243:0.0713,d209:0.0709,d207:0.0704,d208:0.0698,d151:0.0695,d221:0.0683,d195:0.0597,d225:0.0593,d201:0.0584,d220:0.0584,d60:0.0571,d192:0.0568,d212:0.0559,d216:0.0557,d200:0.0551,d194:0.0549,d303:0.0541,d61:0.0535,d218:0.0525,d99:0.0522,d222:0.0517,d205:0.0505,d215:0.0504,d88:0.0499,d274:0.0475,d98:0.0474,d282:0.0469,d42:0.0461,d28:0.0458,d34:0.0457,d80:0.0453,d193:0.0447,d203:0.0444,d196:0.0430,d74:0.0425,d112:0.0409,d253:0.0409,d135:0.0408,d31:0.0391,d197:0.0372,d83:0.0371,d255:0.0371,d96:0.0352,d281:0.0340,d123:0.0334,d40:0.0320,d262:0.0312,d289:0.0307,d237:0.0278,d240:0.0269,d181:0.0254,d44:0.0252,d206:0.0241,d265:0.0235,d02:0.0229,d177:0.0227,d319:0.0226,d311:0.0220,d165:0.0206,d67:0.0199,d78:0.0198,d229:0.0193,d266:0.0188,d234:0.0187,d214:0.0184,d39:0.0183,d286:0.0178,d55:0.0175,d263:0.0171,d116:0.0167,d316:0.0153,d294:0.0151
q25	d166:0.1930,d20:0.1433,d328:0.1269,d128:0.1215,d265:0.1177,d156:0.1148,d23:0.1128,d167:0.0800,d245:0.0682,d247:0.0531,d211:0.0526,d32:0.0484
q26	d152:0.1939,d291:0.0924,d143:0.0912,d66:0.0662,d190:0.0613,d147:0.0604,d116:0.0602,d206:0.0520,d273:0.0462,d94:0.0461,d293:0.0419,d52:0.0406,d171:0.0392,d95:0.0385,d208:0.0369,d109:0.0359,d322:0.0354,d279:0.0341,d183:0.0331,d136:0.0327,d210:0.0323,d241:0.0273,d306:0.0261,d231:0.0261,d179:0.0249,d217:0.0248,d235:0.0247,d174:0.0242,d07:0.0238,d277:0.0227,d173:0.0222,d113:0.0221,d02:0.0220,d292:0.0207,d318:0.0203,d161:0.0198,d17:0.0190,d197:0.0179,d164:0.0165,d138:0.0160,d323:0.0156,d105:0.0153,d283:0.0151,d316:0.0147,d219:0.0146,d312:0.0136,d212:0.0128,d149:0.0123,d287:0.0121,d79:0.0114,d275:0.0110,d98:0.0108,d27:0.0107,d133:0.0106,d168:0.0104,d92:0.0102,d15:0.0101,d33:0.0098,d175:0.0097,d03:0.0093,d141:0.0087,d199:0.0086
q27	d54:0.0770,d152:0.0558,d103:0.0297,d136:0.0254,d66:0.0253,d159:0.0241,d293:0.0241,d107:0.0227,d291:0.0225,d51:0.0225,d158:0.0207,d300:0.0187,d316:0.0178,d174:0.0177,d161:0.0169,d227:0.0163,d33:0.0161,d56:0.0157,d29:0.0150,d94:0.0146,d67:0.0146,d143:0.0142,d30:0.0140,d238:0.0138,d164:0.0137,d79:0.0135,d145:0.0132,d05:0.0131,d17:0.0127,d27:0.0127,d23:0.0126,d42:0.0125,d108:0.0121,d15:0.0119,d210:0.0118,d75:0.0118,d222:0.0115,d02:0.0115,d130:0.0112,d296:0.0105,d83:0.0104,d167:0.0104,d64:0.0098,d150:0.0098,d251:0.0094,d14:0.0091,d109:0.0090,d80:0.0087,d209:0.0087,d274:0.0086,d101:0.0086,d58:0.0085,d85:0.0084,d162:0.0082,d290:0.0080,d119:0.0080,d271:0.0077,d170:0.0072,d139:0.0070,d255:0.0067,d102:0.0067,d325:0.0062,d281:0.0062,d269:0.0061,d276:0.0056,d116:0.0054,d259:0.0052,d237:0.0050,d299:0.0050,d306:0.0049,d198:0.0048,d322:0.0046,d88:0.0045,d282:0.0042,d77:0.0042,d173:0.0042,d156:0.0041,d279:0.0041,d20:0.0040,d311:0.0040,d129:0.0039,d231:0.0038,d18:0.0038,d318:0.0038,d197:0.0038,d12:0.0037,d330:0.0037,d195:0.0037,d55:0.0036,d16:0.0036,d26:0.0035,d184:0.0034,d194:0.0034,d283:0.0032,d179:0.0030
q28	d136:0.0924,d316:0.0681,d174:0.0658,d291:0.0592,d66:0.0535,d56:0.0519,d94:0.0415,d279:0.0414,d161:0.0414,d15:0.0401,d164:0.0389,d147:0.0367,d80:0.0365,d79:0.0356,d152:0.0353,d145:0.0351,d322:0.0346,d264:0.0345,d35:0.0340,d29:0.0335,d27:0.0332,d143:0.0320,d237:0.0318,d75:0.0313,d102:0.0313,d159:0.0312,d02:0.0305,d292:0.0290,d295:0.0289,d212:0.0287,d321:0.0282,d296:0.0278,d83:0.0277,d327:0.0271,d173:0.0270,d70:0.0268,d309:0.0266,d67:0.0262,d162:0.0258,d289:0.0243,d271:0.0241,d42:0.0235,d37:0.0232,d132:0.0222,d193:0.0222,d33:0.0219,d165:0.0219,d226:0.0215,d263:0.0213,d139:0.0207,d85:0.0205,d273:0.0205,d186:0.0203,d160:0.0202,d86:0.0196,d107:0.0193,d198:0.0191,d252:0.0191,d191:0.0183,d168:0.0182,d254:0.0180,d153:0.0174,d259:0.0174,d183:0.0174,d328:0.0172,d194:0.0172,d141:0.0167,d267:0.0165,d246:0.0163,d99:0.0162,d329:0.0161,d129:0.0160,d241:0.0159,d260:0.0156,d275:0.0156,d243:0.0155,d98:0.0152,d312:0.0152,d233:0.0149,d270:0.0149,d211:0.0148,d08:0.0148,d31:0.0146,d310:0.0143,d47:0.0143,d294:0.0142,d55:0.0142,d276:0.0140,d283:0.0136,d58:0.0134,d109:0.0132,d299:0.0130,d306:0.0128,d240:0.0127,d269:0.0126,d231:0.0126,d248:0.0125,d12:0.0124,d54:0.0123,d64:0.0123,d115:0.0122,d106:0.0121,d185:0.0119,d303:0.0118,d48:0.0116,d46:0.0116,d170:0.0115,d297:0.0113,d331:0.0113,d72:0.0111,d77:0.0110,d190:0.0108,d278:0.0104,d60:0.0104,d180:0.0102,d298:0.0102,d216:0.0101,d84:0.0101,d144:0.0099,d19:0.0099,d120:0.0097,d123:0.0096,d195:0.0092,d89:0.0091,d125:0.0091,d304:0.0090,d169:0.0089,d26:0.0088,d305:0.0084,d18:0.0082,d49:0.0079,d293:0.0078,d52:0.0076,d110:0.0075,d230:0.0072,d88:0.0068,d114:0.0068,d111:0.0067,d22:0.0066,d10:0.0063,d45:0.0063,d221:0.0062,d219:0.0060,d239:0.0060,d206:0.0059,d63:0.0057,d71:0.0055,d307:0.0055,d103:0.0052,d235:0.0049,d150:0.0048,d314:0.0048,d318:0.0046,d250:0.0045,d189:0.0044,d330:0.0044,d148:0.0044,d133:0.0044,d09:0.0043,d16:0.0043,d236:0.0043,d188:0.0042,d116:0.0041,d184:0.0040,d175:0.0040,d290:0.0038,d324:0.0038,d01:0.0036,d69:0.0036,d11:0.0036,d57:0.0035,d97:0.0035,d14:0.0034,d65:0.0034,d91:0.0034,d247:0.0034,d101:0.0033,d277:0.0032,d202:0.0032,d149:0.0032,d313:0.0031,d287:0.0031,d23:0.0031,d96:0.0031,d119:0.0030,d108:0.0030,d325:0.0030,d281:0.0029,d121:0.0029,d210:0.0029,d93:0.0029,d197:0.0029,d222:0.0028,d100:0.0028,d53:0.0028,d286:0.0027,d130:0.0027,d87:0.0027,d262:0.0027,d24:0.0027,d137:0.0027,d21:0.0027,d249:0.0026,d244:0.0026,d234:0.0026,d39:0.0025,d256:0.0024,d03:0.0024,d179:0.0022
q29	d37:0.1485,d01:0.1285,d314:0.1284,d113:0.0954,d261:0.0862,d120:0.0676,d133:0.0661,d46:0.0487,d62:0.0487,d294:0.0413,d173:0.0244,d70:0.0242,d212:0.0199,d226:0.0194,d86:0.0177,d107:0.0174,d198:0.0172,d159:0.0170,d186:0.0154,d160:0.0153,d279:0.0148,d99:0.0146,d252:0.0144,d254:0.0137,d47:0.0129,d55:0.0128,d276:0.0127,d136:0.0124,d264:0.0124,d58:0.0121,d174:0.0116,d237:0.0114,d329:0.0111,d295:0.0111,d64:0.0111,d106:0.0109,d153:0.0106,d312:0.0105,d327:0.0105,d291:0.0104,d170:0.0103,d270:0.0103,d309:0.0103,d08:0.0103,d331:0.0102,d31:0.0101,d292:0.0099,d102:0.0096,d278:0.0094,d56:0.0091,d216:0.0091,d147:0.0090,d19:0.0089,d269:0.0087,d231:0.0087,d123:0.0086,d115:0.0085,d165:0.0085,d27:0.0083,d195:0.0083,d89:0.0082,d169:0.0081,d168:0.0081,d26:0.0080,d193:0.0079,d15:0.0078,d305:0.0076,d328:0.0076,d194:0.0076,d85:0.0074,d283:0.0072,d303:0.0072,d48:0.0071,d241:0.0070,d293:0.0070,d263:0.0070,d52:0.0069
q32	d25:0.1629,d90:0.1502,d139:0.0973,d31:0.0823,d67:0.0770,d145:0.0608,d254:0.0542,d140:0.0510,d282:0.0480,d15:0.0389,d305:0.0380,d324:0.0356,d11:0.0335,d141:0.0335,d59:0.0333,d317:0.0324,d226:0.0305,d284:0.0305,d72:0.0305,d83:0.0302,d279:0.0295,d06:0.0294,d252:0.0287,d60:0.0285,d314:0.0284,d18:0.0274,d268:0.0272,d172:0.0271,d222:0.0267,d42:0.0257,d184:0.0240,d227:0.0237,d105:0.0231,d235:0.0230,d271:0.0222
q34	d248:0.0893,d225:0.0330,d37:0.0256,d207:0.0236,d312:0.0227,d66:0.0224,d243:0.0199,d281:0.0190,d24:0.0185,d34:0.0180,d119:0.0174,d214:0.0162,d39:0.0162,d98:0.0160,d27:0.0159,d85:0.0159,d26:0.0152,d241:0.0152,d162:0.0145,d227:0.0144,d48:0.0135,d43:0.0071,d198:0.0069,d224:0.0063,d75:0.0062,d138:0.0058,d151:0.0056,d192:0.0055,d110:0.0055,d62:0.0055,d246:0.0054,d142:0.0053,d59:0.0052,d327:0.0052,d44:0.0051,d117:0.0049,d226:0.0048,d282:0.0047,d70:0.0047,d130:0.0047,d232:0.0046,d45:0.0046,d221:0.0045,d127:0.0045,d290:0.0045,d215:0.0044,d108:0.0044,d180:0.0044,d81:0.0043,d266:0.0043,d155:0.0042,d82:0.0042,d196:0.0042,d63:0.0042,d270:0.0040,d08:0.0040,d91:0.0040,d122:0.0039,d126:0.0038,d202:0.0037,d278:0.0037,d113:0.0037,d99:0.0036,d216:0.0036,d223:0.0035,d210:0.0034,d93:0.0034,d123:0.0034,d213:0.0034,d197:0.0033,d250:0.0033,d40:0.0032,d148:0.0032,d89:0.0032,d133:0.0032,d201:0.0032,d09:0.0031,d236:0.0031,d46:0.0031,d80:0.0031,d22:0.0031,d264:0.0031,d288:0.0030,d274:0.0030,d50:0.0030,d118:0.0029,d13:0.0029,d235:0.0029,d95:0.0028,d237:0.0028,d219:0.0028,d240:0.0027,d301:0.0027,d251:0.0027,d01:0.0027,d35:0.0026,d135:0.0026,d28:0.0026,d170:0.0025,d30:0.0025,d209:0.0024,d294:0.0024,d200:0.0024,d296:0.0024,d83:0.0024,d255:0.0024,d308:0.0023,d287:0.0023,d320:0.0023,d131:0.0023,d96:0.0022,d78:0.0022,d73:0.0022,d205:0.0022,d325:0.0022,d79:0.0022,d129:0.0022,d121:0.0022,d76:0.0021,d38:0.0021,d195:0.0020,d286:0.0020,d87:0.0020,d42:0.0020,d182:0.0020,d193:0.0020,d164:0.0020,d15:0.0019,d323:0.0019,d305:0.0019,d203:0.0018,d316:0.0017,d263:0.0017,d190:0.0016
q36	d321:0.1402,d257:0.1301,d23:0.1253,d247:0.1088,d265:0.1066,d150:0.0871,d277:0.0776,d328:0.0740,d20:0.0505,d167:0.0423,d107:0.0363,d268:0.0318,d151:0.0316,d290:0.0260,d219:0.0252,d197:0.0242,d214:0.0238,d71:0.0231,d31:0.0229,d229:0.0226,d211:0.0222,d102:0.0217,d316:0.0202,d79:0.0200,d281:0.0200,d205:0.0199,d223:0.0199,d210:0.0193,d222:0.0188,d262:0.0183,d136:0.0177,d276:0.0177,d274:0.0172,d323:0.0169,d259:0.0164,d283:0.0164,d13:0.0162,d95:0.0162,d192:0.0161,d248:0.0156,d110:0.0156,d295:0.0156,d267:0.0156,d54:0.0153,d198:0.0152,d35:0.0152,d253:0.0151,d69:0.0151,d322:0.0150,d270:0.0147,d292:0.0142,d111:0.0140,d284:0.0139,d29:0.0138,d255:0.0137,d77:0.0137,d149:0.0136,d226:0.0136,d202:0.0134,d279:0.0134,d131:0.0132,d119:0.0130,d320:0.0129,d302:0.0128,d19:0.0127,d60:0.0127,d68:0.0124,d93:0.0124,d260:0.0123,d275:0.0122,d231:0.0122,d191:0.0122,d250:0.0122,d76:0.0121,d189:0.0120,d12:0.0120,d94:0.0118,d41:0.0117,d55:0.0115,d46:0.0115,d10:0.0114,d244:0.0113,d92:0.0111,d33:0.0109,d235:0.0105,d256:0.0101,d271:0.0101,d158:0.0097,d49:0.0096,d199:0.0093,d294:0.0089
q37	d169:0.1515,d116:0.0723,d62:0.0568,d35:0.0369,d327:0.0364,d117:0.0346,d209:0.0342,d294:0.0342,d231:0.0303,d120:0.0292,d141:0.0233
q38	d263:0.0667,d229:0.0582,d317:0.0577,d277:0.0576,d36:0.0573,d239:0.0536,d11:0.0503,d284:0.0490,d331:0.0483,d294:0.0441,d56:0.0432,d118:0.0422,d39:0.0410,d161:0.0395,d258:0.0356,d260:0.0344,d58:0.0318,d312:0.0308,d66:0.0308,d138:0.0304,d247:0.0301,d255:0.0281,d296:0.0273,d31:0.0266,d176:0.0264,d51:0.0263,d132:0.0251,d325:0.0250,d183:0.0240,d311:0.0237,d84:0.0221,d235:0.0220,d03:0.0215,d305:0.0215,d67:0.0214,d169:0.0212,d25:0.0207,d249:0.0200,d92:0.0200,d244:0.0199,d280:0.0197,d109:0.0191,d190:0.0182,d43:0.0087,d198:0.0085,d224:0.0078,d75:0.0076,d151:0.0068,d192:0.0068,d110:0.0067,d62:0.0067,d246:0.0066,d142:0.0065,d59:0.0064,d327:0.0063,d44:0.0062,d117:0.0060,d226:0.0059,d282:0.0058,d70:0.0058,d130:0.0057,d232:0.0057,d45:0.0057,d221:0.0056,d127:0.0055,d290:0.0055,d215:0.0054,d108:0.0054,d180:0.0054,d81:0.0053,d37:0.0053,d266:0.0052,d155:0.0052,d82:0.0052,d196:0.0051,d63:0.0051,d270:0.0049,d08:0.0049,d207:0.0049,d91:0.0049,d122:0.0048,d126:0.0046,d202:0.0046,d278:0.0045,d113:0.0045,d99:0.0044,d216:0.0044,d223:0.0043,d210:0.0042,d93:0.0041,d123:0.0041,d213:0.0041,d197:0.0041,d250:0.0041,d40:0.0040,d148:0.0040,d89:0.0039,d133:0.0039,d201:0.0039,d09:0.0039,d236:0.0039,d24:0.0038,d46:0.0038,d80:0.0038,d22:0.0038,d264:0.0037,d288:0.0037,d274:0.0037,d50:0.0036,d13:0.0035,d95:0.0035,d237:0.0034,d219:0.0034,d240:0.0033,d301:0.0033,d251:0.0033,d01:0.0033,d35:0.0032,d135:0.0032,d28:0.0032,d170:0.0031,d30:0.0031,d209:0.0030,d200:0.0030,d83:0.0029,d308:0.0029,d287:0.0028,d320:0.0028,d131:0.0028,d96:0.0028,d78:0.0027,d73:0.0027,d205:0.0027,d79:0.0027,d129:0.0027,d281:0.0027,d121:0.0027,d76:0.0026,d38:0.0025,d195:0.0025,d286:0.0025,d87:0.0025,d42:0.0025,d182:0.0024,d193:0.0024,d164:0.0024,d15:0.0024,d323:0.0023,d85:0.0022,d203:0.0022,d241:0.0021,d316:0.0021
q40	d307:0.1167,d42:0.0913,d252:0.0832,d47:0.0814,d262:0.0767,d250:0.0734,d112:0.0670,d242:0.0611,d98:0.0555,d225:0.0542,d238:0.0508,d122:0.0491,d283:0.0481,d228:0.0402,d288:0.0380,d173:0.0377,d64:0.0343,d111:0.0310,d296:0.0303,d22:0.0303,d131:0.0299,d248:0.0297,d82:0.0294,d58:0.0293,d12:0.0292,d279:0.0290,d46:0.0285,d249:0.0276,d113:0.0273,d142:0.0263,d164:0.0257,d152:0.0254,d291:0.0253,d223:0.0252,d147:0.0247,d138:0.0246,d118:0.0236,d144:0.0235,d189:0.0235,d63:0.0233,d271:0.0230,d263:0.0217,d105:0.0213,d318:0.0210,d161:0.0207,d124:0.0204,d241:0.0198,d306:0.0197,d325:0.0193,d40:0.0181,d91:0.0180,d31:0.0179,d174:0.0178,d117:0.0176,d200:0.0174,d136:0.0170,d106:0.0168,d39:0.0164,d119:0.0161,d140:0.0157,d93:0.0153,d222:0.0150,d321:0.0147,d275:0.0147,d62:0.0147,d35:0.0146,d25:0.0145,d257:0.0144,d317:0.0141,d125:0.0139,d21:0.0136,d92:0.0136,d121:0.0135,d258:0.0134,d175:0.0133,d83:0.0132,d254:0.0132,d197:0.0131,d194:0.0131,d130:0.0125,d17:0.0125,d79:0.0121,d269:0.0120,d234:0.0117,d94:0.0116,d100:0.0114,d177:0.0113,d286:0.0113,d80:0.0110,d293:0.0107,d203:0.0100,d109:0.0100,d179:0.0092
q41	d14:0.1010,d268:0.0629,d236:0.0541,d174:0.0532,d150:0.0520,d291:0.0478,d128:0.0456,d121:0.0404,d04:0.0385,d137:0.0341,d249:0.0336,d92:0.0336,d162:0.0320
q42	d298:0.3686,d314:0.0497,d125:0.0421,d69:0.0409,d48:0.0361,d174:0.0344,d208:0.0266,d241:0.0209,d43:0.0132,d62:0.0118,d122:0.0107,d248:0.0104,d280:0.0102,d01:0.0089,d22:0.0081,d70:0.0079,d154:0.0077,d312:0.0068,d08:0.0067,d257:0.0067,d49:0.0066,d72:0.0063,d265:0.0063,d285:0.0061,d251:0.0057,d40:0.0054,d10:0.0053,d259:0.0048,d256:0.0047,d273:0.0046,d110:0.0046,d81:0.0046,d267:0.0046,d155:0.0044,d159:0.0044,d135:0.0043,d51:0.0043,d71:0.0043,d309:0.0042,d14:0.0042,d65:0.0042,d292:0.0041,d103:0.0040,d255:0.0039,d279:0.0038,d23:0.0038,d99:0.0038,d32:0.0038,d20:0.0037,d60:0.0037,d73:0.0037,d108:0.0037,d180:0.0036,d68:0.0036,d268:0.0036,d172:0.0035,d222:0.0035,d94:0.0035,d189:0.0034,d182:0.0033,d92:0.0032,d304:0.0032,d184:0.0031,d328:0.0031,d167:0.0031,d175:0.0031,d118:0.0031
q44	d29:0.1666,d185:0.0949,d164:0.0794,d239:0.0747,d105:0.0730,d254:0.0551,d246:0.0516,d193:0.0444,d126:0.0442,d85:0.0424,d314:0.0424,d148:0.0377,d71:0.0367,d03:0.0329,d60:0.0319,d73:0.0317,d170:0.0298,d182:0.0296,d67:0.0287,d167:0.0283,d46:0.0282,d271:0.0263,d252:0.0262,d267:0.0261,d59:0.0249,d181:0.0245,d42:0.0235,d16:0.0232,d139:0.0226,d304:0.0225,d278:0.0221,d325:0.0208,d130:0.0192,d262:0.0190,d55:0.0189,d48:0.0166,d177:0.0155
q45	d105:0.1350,d126:0.1094,d170:0.0860,d85:0.0795,d185:0.0785,d164:0.0701,d252:0.0633,d29:0.0565,d302:0.0457,d03:0.0373,d188:0.0355,d204:0.0332,d148:0.0325,d162:0.0302,d254:0.0281,d100:0.0267,d55:0.0259,d90:0.0243,d324:0.0230,d42:0.0202,d16:0.0200,d304:0.0193,d101:0.0152,d267:0.0138,d225:0.0135,d149:0.0118,d118:0.0117,d285:0.0117,d223:0.0111,d74:0.0108,d260:0.0106,d38:0.0105,d152:0.0100,d143:0.0098,d15:0.0097,d109:0.0090,d283:0.0089,d228:0.0088,d271:0.0088,d316:0.0087,d81:0.0087,d306:0.0087,d54:0.0084,d322:0.0082,d91:0.0079,d200:0.0077,d103:0.0076,d62:0.0075,d171:0.0075,d34:0.0073,d73:0.0070,d147:0.0070,d215:0.0070,d325:0.0069,d79:0.0069,d93:0.0068,d76:0.0068,d330:0.0065,d10:0.0064,d67:0.0064,d262:0.0063,d168:0.0063,d26:0.0062,d136:0.0061,d138:0.0061,d39:0.0059,d175:0.0059,d251:0.0054,d158:0.0053,d179:0.0052,d294:0.0048
q46	d121:0.1172,d133:0.1093,d93:0.1018,d81:0.0975,d30:0.0898,d91:0.0866,d145:0.0849,d94:0.0803,d122:0.0755,d82:0.0749,d02:0.0733,d22:0.0729,d117:0.0690,d125:0.0689,d144:0.0689,d180:0.0687,d136:0.0685,d05:0.0667,d280:0.0656,d75:0.0634,d142:0.0633,d41:0.0624,d13:0.0621,d321:0.0573,d62:0.0561,d247:0.0544,d66:0.0527,d314:0.0527,d88:0.0494,d09:0.0477,d130:0.0477,d104:0.0458,d89:0.0419,d115:0.0389,d97:0.0366,d156:0.0352,d242:0.0350,d279:0.0349,d73:0.0337,d168:0.0334,d181:0.0312,d52:0.0305,d174:0.0291,d277:0.0289,d188:0.0255,d238:0.0253,d171:0.0243,d308:0.0238,d105:0.0236,d288:0.0233,d150:0.0229,d192:0.0213,d110:0.0209,d143:0.0199,d50:0.0195,d323:0.0195,d118:0.0191,d219:0.0184,d293:0.0177,d23:0.0176,d131:0.0174,d312:0.0171,d147:0.0171,d51:0.0169,d178:0.0169,d254:0.0164,d101:0.0157,d126:0.0157,d296:0.0155,d77:0.0155,d208:0.0146,d215:0.0145,d325:0.0143,d84:0.0141,d172:0.0140,d197:0.0138,d152:0.0129,d249:0.0129,d90:0.0122,d316:0.0114,d157:0.0111,d190:0.0104,d213:0.0004,d146:0.0003,d151:0.0003,d223:0.0003,d76:0.0003,d274:0.0003,d272:0.0003,d267:0.0003,d320:0.0003,d329:0.0002,d214:0.0002,d198:0.0002,d159:0.0002,d315:0.0002,d154:0.0002,d28:0.0002,d231:0.0002,d245:0.0002,d64:0.0002,d114:0.0002,d236:0.0002,d04:0.0002,d205:0.0002,d289:0.0002,d155:0.0002,d69:0.0002,d330:0.0002,d217:0.0002,d18:0.0002,d201:0.0002,d313:0.0002,d58:0.0002,d275:0.0002,d44:0.0002,d17:0.0002,d189:0.0002,d233:0.0002,d220:0.0002,d124:0.0002,d292:0.0002,d68:0.0002,d167:0.0002,d239:0.0002,d103:0.0002,d228:0.0002,d186:0.0002,d268:0.0002,d229:0.0002,d240:0.0002,d301:0.0002,d106:0.0002,d113:0.0002,d120:0.0002,d98:0.0002,d12:0.0002,d99:0.0002,d195:0.0002,d11:0.0002,d48:0.0002,d56:0.0002,d175:0.0002,d20:0.0002,d60:0.0002,d322:0.0002,d327:0.0002,d204:0.0002,d270:0.0002,d317:0.0002,d129:0.0002,d331:0.0002,d65:0.0002,d47:0.0002,d107:0.0002,d303:0.0002,d15:0.0002,d111:0.0002,d211:0.0002,d199:0.0002,d260:0.0002,d264:0.0002,d160:0.0002,d27:0.0002,d100:0.0002,d202:0.0002,d87:0.0002,d256:0.0002,d169:0.0002,d06:0.0002,d46:0.0002,d182:0.0002,d221:0.0002,d244:0.0002,d304:0.0002,d302:0.0002,d116:0.0002,d234:0.0002,d176:0.0002,d86:0.0002,d194:0.0002,d306:0.0002,d37:0.0002,d74:0.0001,d246:0.0001,d318:0.0001,d123:0.0001,d248:0.0001,d177:0.0001,d261:0.0001,d191:0.0001,d250:0.0001,d63:0.0001,d165:0.0001,d112:0.0001,d283:0.0001,d135:0.0001,d71:0.0001,d291:0.0001,d319:0.0001,d10:0.0001,d134:0.0001,d309:0.0001,d257:0.0001,d140:0.0001,d183:0.0001,d185:0.0001,d24:0.0001,d49:0.0001,d21:0.0001,d212:0.0001,d158:0.0001,d138:0.0001,d297:0.0001,d209:0.0001,d226:0.0001,d184:0.0001,d149:0.0001,d39:0.0001,d61:0.0001,d173:0.0001,d278:0.0001,d285:0.0001,d235:0.0001,d32:0.0001,d109:0.0001,d216:0.0001,d03:0.0001,d324:0.0001,d271:0.0001,d108:0.0001,d241:0.0001,d298:0.0001,d251:0.0001,d132:0.0001,d40:0.0001,d148:0.0001,d286:0.0001,d25:0.0001,d262:0.0001,d55:0.0001,d26:0.0001,d193:0.0001,d294:0.0001,d33:0.0001,d162:0.0001,d258:0.0001,d45:0.0001,d95:0.0001,d203:0.0001,d290:0.0001,d273:0.0001,d295:0.0001,d54:0.0001,d153:0.0001,d179:0.0001,d253:0.0001,d57:0.0001,d307:0.0001,d14:0.0001,d166:0.0001,d207:0.0001,d31:0.0001,d128:0.0001,d29:0.0001,d36:0.0001,d284:0.0001,d72:0.0001,d265:0.0001,d282:0.0001,d83:0.0001,d102:0.0001,d161:0.0001,d163:0.0001,d34:0.0001,d287:0.0001,d96:0.0001,d252:0.0001,d119:0.0001,d19:0.0001,d281:0.0001,d269:0.0001,d210:0.0001,d266:0.0001,d196:0.0001,d38:0.0001,d53:0.0001,d137:0.0001,d80:0.0001,d164:0.0001,d92:0.0001,d305:0.0001,d328:0.0001,d227:0.0001,d263:0.0001,d141:0.0001,d139:0.0001
